imdbID,Title,Year,Genre,Metascore,imdbRating,studio_type
tt7286456,Joker,2019,"Crime, Drama, Thriller",59,8.3,major
tt1392190,Mad Max: Fury Road,2015,"Action, Adventure, Sci-Fi",90,8.1,major
tt1386697,Suicide Squad,2016,"Action, Adventure, Fantasy",40,5.9,major
tt0369610,Jurassic World,2015,"Action, Adventure, Sci-Fi",59,6.9,major
tt0451279,Wonder Woman,2017,"Action, Adventure, Fantasy",76,7.3,major
tt3183660,Fantastic Beasts and Where to Find Them,2016,"Adventure, Family, Fantasy",66,7.2,major
tt2975590,Batman v Superman: Dawn of Justice,2016,"Action, Adventure, Sci-Fi",44,6.4,major
tt5013056,Dunkirk,2017,"Action, Drama, History",94,7.8,major
tt1677720,Ready Player One,2018,"Action, Adventure, Sci-Fi",64,7.4,major
tt2771200,Beauty and the Beast,2017,"Adventure, Family, Fantasy",65,7.1,major
tt6644200,A Quiet Place,2018,"Drama, Horror, Sci-Fi",82,7.5,major
tt1477834,Aquaman,2018,"Action, Adventure, Fantasy",55,6.8,major
tt0974015,Justice League,2017,"Action, Adventure, Fantasy",45,6.0,major
tt1790809,Pirates of the Caribbean: Dead Men Tell No Tales,2017,"Action, Adventure, Fantasy",39,6.5,major
tt4881806,Jurassic World: Fallen Kingdom,2018,"Action, Adventure, Sci-Fi",51,6.2,major
tt2322441,Fifty Shades of Grey,2015,"Drama, Romance, Thriller",46,4.2,major
tt1517451,A Star Is Born,2018,"Drama, Music, Romance",88,7.6,major
tt1877830,The Batman,2022,"Action, Crime, Drama",72,7.8,major
tt15398776,Oppenheimer,2023,"Biography, Drama, History",90,8.2,major
tt4123430,Fantastic Beasts: The Crimes of Grindelwald,2018,"Adventure, Family, Fantasy",52,6.5,major
tt2820852,Furious 7,2015,"Action, Thriller",67,7.1,major
tt1517268,Barbie,2023,"Adventure, Comedy, Fantasy",80,6.8,major
tt6723592,Tenet,2020,"Action, Sci-Fi, Thriller",69,7.3,major
tt1745960,Top Gun: Maverick,2022,"Action, Drama",78,8.2,major
tt2293640,Minions,2015,"Animation, Adventure, Comedy",56,6.4,major
tt12361974,Zack Snyder's Justice League,2021,"Action, Adventure, Fantasy",54,7.9,major
tt6718170,The Super Mario Bros. Movie,2023,"Animation, Adventure, Comedy",46,7.0,major
tt7713068,Birds of Prey and the Fantabulous Emancipation of One Harley Quinn,2020,"Action, Comedy, Crime",60,6.1,major
tt4630562,The Fate of the Furious,2017,"Action, Crime, Thriller",56,6.6,major
tt6105098,The Lion King,2019,"Animation, Adventure, Drama",55,6.8,major
tt6139732,Aladdin,2019,"Adventure, Comedy, Family",53,6.9,major
tt3794354,Sonic the Hedgehog,2020,"Action, Adventure, Comedy",47,6.5,major
tt3228774,Cruella,2021,"Adventure, Comedy, Crime",59,7.3,major
tt1596363,The Big Short,2015,"Biography, Comedy, Drama",81,7.8,major
tt2381249,Mission: Impossible - Rogue Nation,2015,"Action, Adventure, Thriller",75,7.4,major
tt6334354,The Suicide Squad,2021,"Action, Adventure, Comedy",72,7.2,major
tt2798920,Annihilation,2018,"Adventure, Drama, Horror",79,6.8,major
tt1293847,xXx: Return of Xander Cage,2017,"Action, Adventure, Thriller",42,5.2,major
tt4912910,Mission: Impossible - Fallout,2018,"Action, Adventure, Thriller",87,7.7,major
tt7126948,Wonder Woman 1984,2020,"Action, Adventure, Fantasy",60,5.3,major
tt2126355,San Andreas,2015,"Action, Adventure, Thriller",43,6.1,major
tt1340138,Terminator Genisys,2015,"Action, Adventure, Sci-Fi",38,6.3,major
tt5164214,Ocean's Eight,2018,"Action, Comedy, Crime",61,6.3,major
tt1219827,Ghost in the Shell,2017,"Action, Crime, Drama",52,6.3,major
tt2709768,The Secret Life of Pets,2016,"Animation, Adventure, Comedy",61,6.5,major
tt1469304,Baywatch,2017,"Action, Comedy, Crime",37,5.5,major
tt3040964,The Jungle Book,2016,"Animation, Action, Adventure",77,7.3,major
tt1365519,Tomb Raider,2018,"Action, Adventure, Fantasy",48,6.3,major
tt4477536,Fifty Shades Freed,2018,"Drama, Mystery, Romance",31,4.6,major
tt2381941,Focus,2015,"Comedy, Crime, Drama",56,6.6,major
tt4779682,The Meg,2018,"Action, Adventure, Horror",46,5.7,major
tt6857112,Us,2019,"Horror, Mystery, Thriller",81,6.8,major
tt2637276,Ted 2,2015,Comedy,48,6.3,major
tt4465564,Fifty Shades Darker,2017,"Drama, Mystery, Romance",33,4.6,major
tt6806448,Fast & Furious Presents: Hobbs & Shaw,2019,"Action, Adventure, Thriller",60,6.4,major
tt3263904,Sully,2016,"Biography, Drama, History",74,7.4,major
tt5433138,F9: The Fast Saga,2021,"Action, Crime, Thriller",58,5.2,major
tt2345759,The Mummy,2017,"Action, Adventure, Fantasy",34,5.4,major
tt3469046,Despicable Me 3,2017,"Animation, Adventure, Comedy",49,6.3,major
tt8332922,A Quiet Place Part II,2020,"Drama, Horror, Sci-Fi",71,7.2,major
tt1661199,Cinderella,2015,"Adventure, Drama, Family",67,6.9,major
tt2140479,The Accountant,2016,"Action, Crime, Drama",51,7.3,major
tt1964418,Tomorrowland,2015,"Action, Adventure, Family",60,6.4,major
tt2361509,The Intern,2015,"Comedy, Drama",51,7.1,major
tt1617661,Jupiter Ascending,2015,"Animation, Action, Adventure",40,5.3,major
tt2660888,Star Trek Beyond,2016,"Action, Adventure, Sci-Fi",68,7.0,major
tt5109784,Mother!,2017,"Drama, Horror, Mystery",76,6.6,major
tt8041270,Jurassic World: Dominion,2022,"Action, Adventure, Sci-Fi",38,5.6,major
tt6443346,Black Adam,2022,"Action, Adventure, Fantasy",41,6.1,major
tt4566758,Mulan,2020,"Action, Adventure, Drama",66,5.8,major
tt1638355,The Man from U.N.C.L.E.,2015,"Action, Adventure, Comedy",56,7.2,major
tt2567026,Alice Through the Looking Glass,2016,"Adventure, Family, Fantasy",34,6.2,major
tt3371366,Transformers: The Last Knight,2017,"Action, Adventure, Comedy",27,5.2,major
tt4701182,Bumblebee,2018,"Action, Adventure, Sci-Fi",66,6.7,major
tt7146812,Onward,2020,"Animation, Adventure, Comedy",61,7.4,major
tt5308322,Happy Death Day,2017,"Comedy, Horror, Mystery",58,6.6,major
tt10838180,The Matrix Resurrections,2021,"Action, Sci-Fi",63,5.6,major
tt0918940,The Legend of Tarzan,2016,"Action, Adventure, Drama",44,6.2,major
tt4777008,Maleficent: Mistress of Evil,2019,"Adventure, Drama, Family",43,6.6,major
tt5433140,Fast X,2023,"Action, Adventure, Crime",56,5.7,major
tt0870154,Jungle Cruise,2021,"Action, Adventure, Comedy",50,6.5,major
tt1972591,King Arthur: Legend of the Sword,2017,"Action, Adventure, Drama",41,6.7,major
tt7144666,The Black Phone,2022,"Horror, Mystery, Thriller",65,6.9,major
tt12412888,Sonic the Hedgehog 2,2022,"Action, Adventure, Comedy",47,6.5,major
tt6450804,Terminator: Dark Fate,2019,"Action, Adventure, Sci-Fi",54,6.2,major
tt1213641,First Man,2018,"Biography, Drama, History",84,7.3,major
tt2034800,The Great Wall,2016,"Action, Adventure, Fantasy",42,5.9,major
tt2005151,War Dogs,2016,"Biography, Comedy, Crime",57,7.1,major
tt2848292,Pitch Perfect 2,2015,"Comedy, Music",63,6.4,major
tt4094724,The Purge: Election Year,2016,"Action, Horror, Sci-Fi",55,6.0,major
tt1025100,Gemini Man,2019,"Action, Sci-Fi, Thriller",38,5.7,major
tt4116284,The Lego Batman Movie,2017,"Animation, Action, Adventure",75,7.3,major
tt7959026,The Mule,2018,"Crime, Drama, Thriller",58,7.0,major
tt3393786,Jack Reacher: Never Go Back,2016,"Action, Thriller",47,6.2,major
tt5758778,Skyscraper,2018,"Action, Adventure, Thriller",51,5.8,major
tt5090568,Transformers: Rise of the Beasts,2023,"Action, Adventure, Sci-Fi",42,6.0,major
tt2719848,Everest,2015,"Adventure, Biography, Drama",64,7.1,major
tt1981128,Geostorm,2017,"Action, Sci-Fi, Thriller",21,5.4,major
tt1571234,Mortal Engines,2018,"Action, Adventure, Fantasy",44,6.1,major
tt9603212,Mission: Impossible - Dead Reckoning Part One,2023,"Action, Adventure, Thriller",81,7.6,major
tt4123432,Fantastic Beasts: The Secrets of Dumbledore,2022,"Adventure, Fantasy",47,6.2,major
tt1502407,Halloween,2018,"Crime, Drama, Horror",67,6.5,major
tt0439572,The Flash,2023,"Action, Adventure, Fantasy",55,6.6,major
tt2381991,The Huntsman: Winter's War,2016,"Action, Adventure, Drama",35,6.1,major
tt3532216,American Made,2017,"Action, Comedy, Crime",65,7.1,major
tt2066051,Rocketman,2019,"Biography, Drama, Music",69,7.3,major
tt10954984,Nope,2022,"Horror, Mystery, Sci-Fi",77,6.8,major
tt12037194,Furiosa: A Mad Max Saga,2024,"Action, Adventure, Sci-Fi",79,7.5,major
tt5606664,Doctor Sleep,2019,"Drama, Fantasy, Horror",59,7.3,major
tt10954652,Old,2021,"Drama, Mystery, Thriller",55,5.8,major
tt3640424,Allied,2016,"Action, Drama, Romance",60,7.1,major
tt2906216,Dungeons & Dragons: Honor Among Thieves,2023,"Action, Adventure, Comedy",72,7.2,major
tt4438848,Neighbors 2: Sorority Rising,2016,Comedy,58,5.7,major
tt9218128,Gladiator II,2024,"Action, Adventure, Drama",64,6.4,major
tt3861390,Dumbo,2019,"Animation, Adventure, Family",51,6.2,major
tt2222042,Love and Monsters,2020,"Action, Adventure, Comedy",63,6.9,major
tt2709692,The Grinch,2018,"Animation, Comedy, Family",51,6.4,major
tt6166392,Wonka,2023,"Adventure, Comedy, Family",66,6.9,major
tt1390411,In the Heart of the Sea,2015,"Action, Adventure, Biography",47,6.9,major
tt2080374,Steve Jobs,2015,"Biography, Drama",82,7.2,major
tt6133466,The First Purge,2018,"Action, Horror, Sci-Fi",54,5.2,major
tt3554046,Space Jam: A New Legacy,2021,"Animation, Adventure, Comedy",36,4.5,major
tt1398426,Straight Outta Compton,2015,"Biography, Drama, History",72,7.8,major
tt15474916,Smile,2022,"Horror, Mystery, Thriller",68,6.5,major
tt1389072,Downsizing,2017,"Drama, Fantasy, Sci-Fi",64,5.8,major
tt5113044,Minions: The Rise of Gru,2022,"Animation, Adventure, Comedy",56,6.5,major
tt9224104,Meg 2: The Trench,2023,"Action, Adventure, Horror",40,5.0,major
tt0475290,"Hail, Caesar!",2016,"Comedy, Drama, Mystery",72,6.3,major
tt4172430,13 Hours,2016,"Action, Drama, History",48,7.3,major
tt3104988,Crazy Rich Asians,2018,"Comedy, Drama, Romance",74,6.9,major
tt11245972,Scream,2022,"Horror, Mystery, Thriller",60,6.3,major
tt3704428,Elvis,2022,"Biography, Drama, Music",64,7.3,major
tt6673612,Dolittle,2020,"Adventure, Comedy, Family",26,5.6,major
tt1684562,The Fall Guy,2024,"Action, Comedy, Drama",73,6.8,major
tt3949660,Teenage Mutant Ninja Turtles: Out of the Shadows,2016,"Action, Adventure, Comedy",40,5.9,major
tt10640346,Babylon,2022,"Comedy, Drama",61,7.1,major
tt5001718,"Everything, Everything",2017,"Drama, Romance",52,6.3,major
tt8244784,The Hunt,2020,"Action, Horror, Thriller",50,6.6,major
tt8155288,Happy Death Day 2U,2019,"Comedy, Horror, Mystery",57,6.2,major
tt3691740,The BFG,2016,"Adventure, Family, Fantasy",66,6.3,major
tt2548396,The Cloverfield Paradox,2018,"Horror, Sci-Fi, Thriller",37,5.5,major
tt9663764,Aquaman and the Lost Kingdom,2023,"Action, Adventure, Fantasy",42,5.6,major
tt4799066,Midnight Sun,2018,"Drama, Romance",38,6.6,major
tt5028340,Mary Poppins Returns,2018,"Adventure, Comedy, Family",66,6.7,major
tt1528854,Daddy's Home,2015,"Comedy, Family",42,6.2,major
tt0837563,Pet Sematary,2019,"Horror, Mystery, Thriller",57,5.7,major
tt13433802,A Quiet Place: Day One,2024,"Drama, Horror, Sci-Fi",68,6.2,major
tt8364368,Crawl,2019,"Action, Horror, Thriller",60,6.1,major
tt6048922,Greyhound,2020,"Drama, History, War",64,7.0,major
tt5113040,The Secret Life of Pets 2,2019,"Animation, Adventure, Comedy",55,6.4,major
tt18259086,Sonic the Hedgehog 3,2024,"Action, Adventure, Comedy",56,6.9,major
tt5971474,The Little Mermaid,2023,"Adventure, Family, Fantasy",59,7.2,major
tt7510222,Despicable Me 4,2024,"Animation, Adventure, Comedy",52,6.2,major
tt7401588,Instant Family,2018,"Comedy, Drama",57,7.3,major
tt17663992,Scream VI,2023,"Horror, Mystery, Thriller",61,6.4,major
tt2049403,Beetlejuice Beetlejuice,2024,"Comedy, Fantasy, Horror",62,6.6,major
tt5726086,Insidious: The Last Key,2018,"Horror, Mystery, Thriller",49,5.7,major
tt4530422,Overlord,2018,"Action, Horror, Sci-Fi",60,6.6,major
tt9362930,Blue Beetle,2023,"Action, Adventure, Sci-Fi",61,5.9,major
tt15679400,Knock at the Cabin,2023,"Horror, Mystery, Thriller",63,6.1,major
tt1262426,Wicked,2024,"Fantasy, Musical, Romance",73,7.4,major
tt12584954,Twisters,2024,"Action, Adventure, Thriller",65,6.5,major
tt9848626,Hotel Transylvania 4: Transformania,2022,"Animation, Adventure, Comedy",46,6.0,major
tt4823776,The SpongeBob Movie: Sponge on the Run,2020,"Animation, Adventure, Comedy",65,5.9,major
tt0805647,The Witches,2020,"Adventure, Family, Fantasy",47,5.4,major
tt2199571,Run All Night,2015,"Action, Crime, Thriller",59,6.6,major
tt11315808,Joker: Folie à Deux,2024,"Drama, Musical, Thriller",45,5.2,major
tt4575576,Christopher Robin,2018,"Adventure, Comedy, Drama",60,7.2,major
tt2436386,Project Almanac,2015,"Drama, Mystery, Sci-Fi",47,6.4,major
tt9620288,King Richard,2021,"Biography, Drama, Sport",76,7.5,major
tt3332064,Pan,2015,"Action, Adventure, Comedy",36,5.7,major
tt10016180,The Little Things,2021,"Crime, Drama, Mystery",54,6.3,major
tt2671706,Fences,2016,Drama,79,7.2,major
tt0499097,Without Remorse,2021,"Action, Drama, Thriller",41,5.8,major
tt5657846,Daddy's Home 2,2017,Comedy,30,6.1,major
tt3513548,Richard Jewell,2019,"Biography, Crime, Drama",68,7.5,major
tt3152624,Trainwreck,2015,"Comedy, Drama, Romance",75,6.2,major
tt13186482,Mufasa: The Lion King,2024,"Animation, Adventure, Drama",56,6.6,major
tt10327252,The Forever Purge,2021,"Action, Crime, Drama",53,5.4,major
tt8623904,Last Christmas,2019,"Comedy, Drama, Fantasy",50,6.5,major
tt4361050,Ouija: Origin of Evil,2016,"Drama, Horror, Mystery",65,6.2,major
tt0498381,Rings,2017,"Drama, Horror, Mystery",25,4.5,major
tt2388771,Mowgli: Legend of the Jungle,2018,"Adventure, Drama, Fantasy",51,6.5,major
tt1361336,Tom & Jerry,2021,"Animation, Adventure, Comedy",32,5.3,major
tt12003946,Violent Night,2022,"Action, Comedy, Thriller",55,6.7,major
tt2279373,The SpongeBob Movie: Sponge Out of Water,2015,"Animation, Adventure, Comedy",62,6.0,major
tt4624424,Storks,2016,"Animation, Adventure, Comedy",56,6.8,major
tt27403986,Juror #2,2024,"Crime, Drama, Mystery",72,7.0,major
tt4916630,Just Mercy,2019,"Biography, Crime, Drama",68,7.6,major
tt4998632,Ambulance,2022,"Action, Crime, Drama",55,6.1,major
tt14209916,Cocaine Bear,2023,"Comedy, Crime, Thriller",54,5.9,major
tt3850590,Krampus,2015,"Comedy, Fantasy, Horror",49,6.2,major
tt6802400,Coming 2 America,2021,"Comedy, Music",52,5.3,major
tt1608290,Zoolander 2,2016,"Action, Adventure, Comedy",34,4.7,major
tt1758810,The Snowman,2017,"Crime, Drama, Horror",23,5.2,major
tt10039344,Countdown,2019,"Horror, Thriller",31,5.4,major
tt5116302,Togo,2019,"Adventure, Biography, Drama",69,7.9,major
tt6495056,Migration,2023,"Animation, Adventure, Comedy",56,6.6,major
tt6850820,Peppermint,2018,"Action, Thriller",29,6.5,major
tt5523010,The Nutcracker and the Four Realms,2018,"Adventure, Family, Fantasy",39,5.6,major
tt29268110,Smile 2,2024,"Horror, Mystery, Thriller",67,6.7,major
tt6359956,A Bad Moms Christmas,2017,Comedy,42,5.6,major
tt11358390,Renfield,2023,"Action, Comedy, Fantasy",53,6.4,major
tt6654210,Infinite,2021,"Action, Sci-Fi, Thriller",28,5.5,major
tt1727776,Scouts Guide to the Zombie Apocalypse,2015,"Action, Comedy, Horror",32,6.3,major
tt6791096,I Feel Pretty,2018,"Comedy, Romance",48,5.7,major
tt27489557,Abigail,2024,"Action, Comedy, Crime",62,6.5,major
tt2649554,Midnight Special,2016,"Drama, Mystery, Sci-Fi",76,6.6,major
tt10665342,Halloween Ends,2022,"Horror, Mystery, Romance",47,5.0,major
tt1431045,Deadpool,2016,"Action, Comedy, Sci-Fi",65,8.0,indie
tt4154756,Avengers: Infinity War,2018,"Action, Adventure, Sci-Fi",68,8.4,indie
tt4154796,Avengers: Endgame,2019,"Action, Adventure, Sci-Fi",78,8.4,indie
tt2395427,Avengers: Age of Ultron,2015,"Action, Adventure, Sci-Fi",66,7.3,indie
tt3498820,Captain America: Civil War,2016,"Action, Sci-Fi",75,7.8,indie
tt1825683,Black Panther,2018,"Action, Adventure, Sci-Fi",88,7.3,indie
tt2096673,Inside Out,2015,"Animation, Adventure, Comedy",94,8.1,indie
tt1211837,Doctor Strange,2016,"Action, Adventure, Fantasy",72,7.5,indie
tt2250912,Spider-Man: Homecoming,2017,"Action, Adventure, Sci-Fi",73,7.4,indie
tt3896198,Guardians of the Galaxy: Vol. 2,2017,"Action, Adventure, Comedy",67,7.6,indie
tt10872600,Spider-Man: No Way Home,2021,"Action, Adventure, Fantasy",71,8.1,indie
tt3501632,Thor: Ragnarok,2017,"Action, Adventure, Comedy",74,7.9,indie
tt3659388,The Martian,2015,"Adventure, Drama, Sci-Fi",80,8.0,indie
tt2380307,Coco,2017,"Animation, Adventure, Drama",81,8.4,indie
tt0478970,Ant-Man,2015,"Action, Comedy, Sci-Fi",64,7.2,indie
tt6751668,Parasite,2019,"Drama, Thriller",97,8.5,indie
tt2488496,Star Wars: Episode VII - The Force Awakens,2015,"Action, Adventure, Sci-Fi",80,7.7,indie
tt3315342,Logan,2017,"Action, Drama, Sci-Fi",77,8.1,indie
tt1396484,It,2017,Horror,69,7.3,indie
tt2543164,Arrival,2016,"Drama, Mystery, Sci-Fi",81,7.9,indie
tt1663202,The Revenant,2016,"Action, Drama, Western",76,8.0,indie
tt5463162,Deadpool 2,2018,"Action, Adventure, Comedy",66,7.6,indie
tt5052448,Get Out,2017,"Horror, Mystery, Thriller",85,7.8,indie
tt4972582,Split,2016,"Horror, Thriller",63,7.3,indie
tt2948356,Zootopia,2016,"Animation, Action, Adventure",78,8.0,indie
tt3783958,La La Land,2016,"Comedy, Drama, Music",94,8.0,indie
tt2802144,Kingsman: The Secret Service,2015,"Action, Adventure, Comedy",60,7.7,indie
tt1727824,Bohemian Rhapsody,2018,"Biography, Drama, Music",49,7.9,indie
tt4633694,Spider-Man: Into the Spider-Verse,2018,"Animation, Action, Adventure",87,8.4,indie
tt1270797,Venom,2018,"Action, Adventure, Sci-Fi",35,6.6,indie
tt6320628,Spider-Man: Far from Home,2019,"Action, Adventure, Comedy",69,7.3,indie
tt3890160,Baby Driver,2017,"Action, Crime, Drama",86,7.5,indie
tt4154664,Captain Marvel,2019,"Action, Adventure, Sci-Fi",64,6.7,indie
tt3748528,Rogue One: A Star Wars Story,2016,"Action, Adventure, Sci-Fi",65,7.8,indie
tt2527336,Star Wars: Episode VIII - The Last Jedi,2017,"Action, Adventure, Fantasy",84,6.8,indie
tt3460252,The Hateful Eight,2015,"Crime, Drama, Mystery",68,7.8,indie
tt1856101,Blade Runner 2049,2017,"Action, Drama, Mystery",81,8.0,indie
tt1160419,Dune: Part One,2021,"Action, Adventure, Drama",74,8.0,indie
tt2119532,Hacksaw Ridge,2016,"Biography, Drama, History",71,8.1,indie
tt7131622,Once Upon a Time... in Hollywood,2019,"Comedy, Drama",84,7.6,indie
tt2283362,Jumanji: Welcome to the Jungle,2017,"Action, Adventure, Comedy",58,6.9,indie
tt4425200,John Wick: Chapter 2,2017,"Action, Crime, Thriller",75,7.4,indie
tt0470752,Ex Machina,2014,"Drama, Sci-Fi, Thriller",78,7.7,indie
tt1630029,Avatar: The Way of Water,2022,"Animation, Action, Adventure",67,7.5,indie
tt1355644,Passengers,2016,"Drama, Romance, Sci-Fi",41,7.0,indie
tt5095030,Ant-Man and the Wasp,2018,"Action, Adventure, Comedy",70,7.0,indie
tt8946378,Knives Out,2019,"Comedy, Crime, Drama",82,7.9,indie
tt3385516,X-Men: Apocalypse,2016,"Action, Adventure, Sci-Fi",52,6.8,indie
tt3521164,Moana,2016,"Animation, Adventure, Comedy",81,7.6,indie
tt3606756,Incredibles 2,2018,"Animation, Action, Adventure",80,7.5,indie
tt8579674,1917,2020,"Action, Drama, War",78,8.2,indie
tt1951266,The Hunger Games: Mockingjay - Part 2,2015,"Action, Adventure, Sci-Fi",65,6.6,indie
tt2674426,Me Before You,2016,"Drama, Romance",51,7.4,indie
tt6966692,Green Book,2018,"Biography, Comedy, Drama",69,8.2,indie
tt5580390,The Shape of Water,2017,"Drama, Fantasy, Romance",87,7.3,indie
tt5726616,Call Me by Your Name,2017,"Drama, Romance",94,7.8,indie
tt2277860,Finding Dory,2016,"Animation, Adventure, Comedy",77,7.2,indie
tt5311514,Your Name.,2016,"Animation, Drama, Fantasy",81,8.4,indie
tt6146586,John Wick: Chapter 3 - Parabellum,2019,"Action, Crime, Drama",73,7.4,indie
tt3110958,Now You See Me 2,2016,"Action, Adventure, Comedy",46,6.4,indie
tt2948372,Soul,2020,"Animation, Adventure, Comedy",83,8.0,indie
tt3480822,Black Widow,2021,"Action, Adventure, Sci-Fi",68,6.6,indie
tt2379713,Spectre,2015,"Action, Adventure, Thriller",60,6.8,indie
tt7097896,Venom: Let There Be Carnage,2021,"Animation, Action, Adventure",49,5.9,indie
tt3731562,Kong: Skull Island,2017,"Action, Adventure, Fantasy",62,6.7,indie
tt4649466,Kingsman: The Golden Circle,2017,"Action, Adventure, Comedy",44,6.7,indie
tt4046784,Maze Runner: The Scorch Trials,2015,"Action, Adventure, Sci-Fi",43,6.3,indie
tt5027774,"Three Billboards Outside Ebbing, Missouri",2017,"Comedy, Crime, Drama",88,8.1,indie
tt2527338,Star Wars: Episode IX - The Rise of Skywalker,2019,"Action, Adventure, Fantasy",53,6.3,indie
tt1979376,Toy Story 4,2019,"Animation, Adventure, Comedy",84,7.6,indie
tt5034838,Godzilla vs. Kong,2021,"Action, Sci-Fi, Thriller",59,6.3,indie
tt2737304,Bird Box,2018,"Horror, Mystery, Sci-Fi",51,6.6,indie
tt3402236,Murder on the Orient Express,2017,"Comedy, Crime, Drama",52,6.5,indie
tt1935859,Miss Peregrine's Home for Peculiar Children,2016,"Adventure, Drama, Family",57,6.7,indie
tt4846340,Hidden Figures,2016,"Biography, Drama, History",74,7.8,indie
tt9376612,Shang-Chi and the Legend of the Ten Rings,2021,"Action, Adventure, Fantasy",71,7.3,indie
tt2584384,Jojo Rabbit,2019,"Comedy, Drama, War",58,7.9,indie
tt9419884,Doctor Strange in the Multiverse of Madness,2022,"Action, Adventure, Fantasy",60,6.9,indie
tt2908446,The Divergent Series: Insurgent,2015,"Action, Adventure, Romance",42,6.2,indie
tt4520988,Frozen II,2019,"Animation, Adventure, Comedy",64,6.8,indie
tt0448115,Shazam!,2019,"Action, Adventure, Comedy",71,7.0,indie
tt2953050,Encanto,2021,"Animation, Comedy, Family",75,7.2,indie
tt0437086,Alita: Battle Angel,2019,"Action, Adventure, Sci-Fi",53,7.3,indie
tt1485796,The Greatest Showman,2017,"Biography, Drama, Musical",48,7.5,indie
tt6264654,Free Guy,2021,"Action, Adventure, Comedy",62,7.1,indie
tt3450958,War for the Planet of the Apes,2017,"Action, Adventure, Drama",82,7.4,indie
tt3170832,Room,2015,"Drama, Thriller",86,8.1,indie
tt7349950,It: Chapter Two,2019,"Drama, Fantasy, Horror",58,6.5,indie
tt3397884,Sicario,2015,"Action, Crime, Drama",82,7.7,indie
tt10886166,365 Days,2020,"Drama, Romance",N/A,3.3,indie
tt2316204,Alien: Covenant,2017,"Horror, Sci-Fi, Thriller",65,6.4,indie
tt11286314,Don't Look Up,2021,"Comedy, Drama, Sci-Fi",49,7.1,indie
tt7975244,Jumanji: The Next Level,2019,"Action, Adventure, Comedy",58,6.6,indie
tt3778644,Solo: A Star Wars Story,2018,"Action, Adventure, Sci-Fi",62,6.9,indie
tt3065204,The Conjuring 2,2016,"Horror, Mystery, Thriller",65,7.3,indie
tt9032400,Eternals,2021,"Action, Adventure, Fantasy",52,6.2,indie
tt6823368,Glass,2019,"Drama, Fantasy, Horror",43,6.6,indie
tt1950186,Ford v Ferrari,2019,"Action, Biography, Drama",81,8.1,indie
tt4925292,Lady Bird,2017,"Comedy, Drama",93,7.4,indie
tt3915174,Puss in Boots: The Last Wish,2022,"Animation, Action, Adventure",73,7.8,indie
tt12801262,Luca,2021,"Animation, Adventure, Comedy",71,7.4,indie
tt6263850,Deadpool & Wolverine,2024,"Action, Adventure, Comedy",56,7.5,indie
tt1895587,Spotlight,2015,"Biography, Crime, Drama",93,8.1,indie
tt9362722,Spider-Man: Across the Spider-Verse,2023,"Animation, Action, Adventure",86,8.5,indie
tt1502397,Bad Boys for Life,2020,"Action, Comedy, Crime",59,6.5,indie
tt1179933,10 Cloverfield Lane,2016,"Drama, Horror, Sci-Fi",76,7.2,indie
tt3799694,The Nice Guys,2016,"Action, Comedy, Crime",70,7.4,indie
tt3846674,To All the Boys I've Loved Before,2018,"Comedy, Drama, Romance",64,7.0,indie
tt7784604,Hereditary,2018,"Drama, Horror, Mystery",87,7.3,indie
tt10648342,Thor: Love and Thunder,2022,"Action, Adventure, Comedy",57,6.1,indie
tt1823672,Chappie,2015,"Action, Crime, Drama",41,6.8,indie
tt4126476,After,2019,"Drama, Romance",30,5.3,indie
tt6791350,Guardians of the Galaxy Vol. 3,2023,"Action, Adventure, Comedy",64,7.9,indie
tt5700672,Train to Busan,2016,"Action, Horror, Thriller",73,7.6,indie
tt7888964,Nobody,2021,"Action, Crime, Drama",64,7.4,indie
tt3470600,Sing,2016,"Animation, Comedy, Family",59,7.1,indie
tt4500922,Maze Runner: The Death Cure,2018,"Action, Adventure, Sci-Fi",50,6.3,indie
tt4550098,Nocturnal Animals,2016,"Drama, Thriller",67,7.4,indie
tt2543472,Wonder,2017,"Drama, Family",66,7.9,indie
tt15239678,Dune: Part Two,2024,"Action, Adventure, Drama",79,8.4,indie
tt8772262,Midsommar,2019,"Drama, Horror, Mystery",72,7.1,indie
tt5848272,Ralph Breaks the Internet,2018,"Animation, Adventure, Comedy",71,7.0,indie
tt2094766,Assassin's Creed,2016,"Action, Adventure, Sci-Fi",36,5.6,indie
tt6710474,Everything Everywhere All at Once,2022,"Action, Adventure, Comedy",81,7.7,indie
tt7349662,BlacKkKlansman,2018,"Biography, Comedy, Crime",83,7.5,indie
tt2239822,Valerian and the City of a Thousand Planets,2017,"Animation, Action, Adventure",51,6.4,indie
tt2120120,Pixels,2015,"Action, Adventure, Comedy",27,5.6,indie
tt10366206,John Wick: Chapter 4,2023,"Action, Crime, Thriller",78,7.6,indie
tt4160708,Don't Breathe,2016,"Crime, Horror, Thriller",71,7.1,indie
tt3076658,Creed,2015,"Action, Drama, Sport",82,7.6,indie
tt5442430,Life,2017,"Horror, Sci-Fi, Thriller",54,6.6,indie
tt8228288,The Platform,2019,"Horror, Mystery, Sci-Fi",73,7.0,indie
tt11866324,Prey,2022,"Action, Adventure, Horror",71,7.1,indie
tt1700841,Sausage Party,2016,"Animation, Adventure, Comedy",66,6.1,indie
tt4263482,The Witch,2016,"Drama, Fantasy, Horror",84,7.0,indie
tt12593682,Bullet Train,2022,"Action, Comedy, Thriller",49,7.3,indie
tt2231461,Rampage,2018,"Action, Adventure, Sci-Fi",45,6.1,indie
tt4975722,Moonlight,2016,Drama,99,7.4,indie
tt1302006,The Irishman,2019,"Biography, Crime, Drama",94,7.8,indie
tt9114286,Black Panther: Wakanda Forever,2022,"Action, Adventure, Drama",67,6.6,indie
tt3874544,The Boss Baby,2017,"Animation, Adventure, Comedy",50,6.3,indie
tt3799232,The Kissing Booth,2018,"Comedy, Romance",N/A,5.9,indie
tt7653254,Marriage Story,2019,"Drama, Romance",94,7.9,indie
tt5884052,Pokémon: Detective Pikachu,2019,"Adventure, Comedy, Family",53,6.5,indie
tt5109280,Raya and the Last Dragon,2021,"Animation, Action, Adventure",74,7.3,indie
tt0803096,Warcraft,2016,"Action, Adventure, Fantasy",32,6.7,indie
tt3682448,Bridge of Spies,2015,"Drama, History, Thriller",81,7.6,indie
tt2935510,Ad Astra,2019,"Adventure, Drama, Mystery",80,6.5,indie
tt2382320,No Time to Die,2021,"Action, Adventure, Thriller",68,7.3,indie
tt5814060,The Nun,2018,"Horror, Mystery, Thriller",46,5.4,indie
tt2386490,How to Train Your Dragon: The Hidden World,2019,"Animation, Action, Adventure",71,7.4,indie
tt6565702,X-Men: Dark Phoenix,2019,"Action, Adventure, Sci-Fi",43,5.7,indie
tt1655441,The Age of Adaline,2015,"Drama, Fantasy, Romance",51,7.2,indie
tt3531824,Nerve,2016,"Adventure, Crime, Drama",58,6.5,indie
tt3410834,The Divergent Series: Allegiant,2016,"Action, Adventure, Fantasy",33,5.7,indie
tt3235888,It Follows,2014,"Horror, Mystery, Thriller",83,6.8,indie
tt1464335,Uncharted,2022,"Action, Adventure",45,6.3,indie
tt3741834,Lion,2016,"Biography, Drama",69,8.0,indie
tt11564570,Glass Onion,2022,"Comedy, Crime, Drama",81,7.1,indie
tt3464902,The Lobster,2015,"Drama, Romance, Sci-Fi",82,7.1,indie
tt0293429,Mortal Kombat,2021,"Action, Adventure, Fantasy",44,6.1,indie
tt3281548,Little Women,2019,"Drama, Romance",91,7.8,indie
tt3553976,Captain Fantastic,2016,"Comedy, Drama",72,7.8,indie
tt1289401,Ghostbusters,2016,"Action, Comedy, Fantasy",60,6.8,indie
tt22022452,Inside Out 2,2024,"Animation, Adventure, Comedy",73,7.5,indie
tt3741700,Godzilla: King of the Monsters,2019,"Action, Adventure, Fantasy",48,6.0,indie
tt1959563,The Hitman's Bodyguard,2017,"Action, Comedy, Crime",47,6.9,indie
tt8367814,The Gentlemen,2019,"Action, Comedy, Crime",51,7.8,indie
tt7846844,Enola Holmes,2020,"Adventure, Crime, Drama",68,6.6,indie
tt3062096,Inferno,2016,"Action, Adventure, Crime",42,6.2,indie
tt2406566,Atomic Blonde,2017,"Action, Thriller",63,6.7,indie
tt8936646,Extraction,2020,"Action, Crime, Thriller",56,6.8,indie
tt2267968,Kung Fu Panda 3,2016,"Animation, Action, Adventure",66,7.1,indie
tt7069210,The Conjuring: The Devil Made Me Do It,2021,"Horror, Mystery, Thriller",53,6.2,indie
tt1628841,Independence Day: Resurgence,2016,"Action, Adventure, Sci-Fi",32,5.2,indie
tt7991608,Red Notice,2021,"Action, Comedy, Thriller",37,6.3,indie
tt1536537,What Happened to Monday,2017,"Action, Crime, Fantasy",47,6.8,indie
tt3606752,Cars 3,2017,"Animation, Adventure, Comedy",59,6.7,indie
tt2404435,The Magnificent Seven,2016,"Action, Adventure, Drama",54,6.9,indie
tt4034228,Manchester by the Sea,2016,Drama,96,7.8,indie
tt1502712,Fantastic Four,2015,"Action, Adventure, Sci-Fi",27,4.3,indie
tt3079380,Spy,2015,"Action, Comedy",75,7.0,indie
tt1489889,Central Intelligence,2016,"Action, Comedy, Crime",52,6.3,indie
tt9764362,The Menu,2022,"Comedy, Horror, Thriller",71,7.2,indie
tt2873282,Red Sparrow,2018,"Action, Drama, Thriller",53,6.6,indie
tt2704998,Game Night,2018,"Action, Adventure, Comedy",66,6.9,indie
tt1051906,The Invisible Man,2020,"Drama, Horror, Mystery",72,7.1,indie
tt1560220,Zombieland: Double Tap,2019,"Action, Comedy, Horror",55,6.7,indie
tt29623480,The Wild Robot,2024,"Animation, Adventure, Family",85,8.2,indie
tt5164432,"Love, Simon",2018,"Comedy, Drama, Romance",72,7.5,indie
tt4196776,Jason Bourne,2016,"Action, Thriller",58,6.6,indie
tt5580036,"I, Tonya",2017,"Biography, Comedy, Drama",77,7.5,indie
tt17526714,The Substance,2024,"Drama, Horror, Sci-Fi",78,7.2,indie
tt11083552,Wrath of Man,2021,"Action, Crime, Thriller",57,7.1,indie
tt2510894,Hotel Transylvania 2,2015,"Animation, Adventure, Comedy",44,6.6,indie
tt3631112,The Girl on the Train,2016,"Crime, Drama, Mystery",48,6.5,indie
tt2304933,The 5th Wave,2016,"Action, Adventure, Sci-Fi",33,5.2,indie
tt1979388,The Good Dinosaur,2015,"Animation, Action, Adventure",66,6.7,indie
tt3766354,The Equalizer 2,2018,"Action, Crime, Mystery",50,6.7,indie
tt5140878,Annabelle: Creation,2017,"Horror, Mystery, Thriller",62,6.5,indie
tt5519340,Bright,2017,"Action, Fantasy, Thriller",29,6.3,indie
tt4481414,Gifted,2017,Drama,60,7.6,indie
tt0810819,The Danish Girl,2015,"Biography, Drama",66,7.1,indie
tt5083738,The Favourite,2018,"Biography, Comedy, Drama",91,7.5,indie
tt6472976,Five Feet Apart,2019,"Drama, Romance",53,7.2,indie
tt8097030,Turning Red,2022,"Animation, Adventure, Comedy",83,6.9,indie
tt10954600,Ant-Man and the Wasp: Quantumania,2023,"Action, Adventure, Comedy",48,6.0,indie
tt1798684,Southpaw,2015,"Action, Drama, Sport",57,7.3,indie
tt5362988,Wind River,2017,"Crime, Drama, Mystery",73,7.7,indie
tt6343314,Creed II,2018,"Action, Drama, Sport",66,7.1,indie
tt9243946,El Camino,2019,"Crime, Drama, Thriller",72,7.3,indie
tt7798634,Ready or Not,2019,"Action, Comedy, Horror",64,6.9,indie
tt7984734,The Lighthouse,2019,"Drama, Fantasy, Horror",83,7.4,indie
tt14230458,Poor Things,2023,"Comedy, Drama, Romance",88,7.7,indie
tt1648190,The Dark Tower,2017,"Action, Adventure, Drama",34,5.6,indie
tt4682786,Collateral Beauty,2016,"Drama, Romance",23,6.8,indie
tt4555426,Darkest Hour,2017,"Biography, Drama, History",75,7.4,indie
tt10362466,After We Collided,2020,"Drama, Romance",14,5.1,indie
tt5104604,Isle of Dogs,2018,"Animation, Adventure, Comedy",82,7.8,indie
tt5727208,Uncut Gems,2019,"Crime, Drama, Thriller",93,7.4,indie
tt4276820,The Founder,2016,"Biography, Drama",66,7.2,indie
tt15789038,Elemental,2023,"Animation, Adventure, Comedy",58,7.0,indie
tt7737786,Greenland,2020,"Action, Adventure, Thriller",64,6.4,indie
tt2283336,Men in Black: International,2019,"Action, Adventure, Comedy",38,5.6,indie
tt2557478,Pacific Rim: Uprising,2018,"Action, Adventure, Sci-Fi",44,5.6,indie
tt4052882,The Shallows,2016,"Drama, Horror, Thriller",59,6.3,indie
tt1634106,Bloodshot,2020,"Action, Adventure, Sci-Fi",44,5.7,indie
tt2554274,Crimson Peak,2015,"Drama, Horror, Mystery",66,6.5,indie
tt8106534,6 Underground,2019,"Action, Thriller",41,6.1,indie
tt3567288,The Visit,2015,"Horror, Mystery, Thriller",55,6.3,indie
tt4513678,Ghostbusters: Afterlife,2021,"Adventure, Comedy, Fantasy",45,7.0,indie
tt3829266,The Predator,2018,"Action, Adventure, Sci-Fi",48,5.3,indie
tt3622592,Paper Towns,2015,"Adventure, Comedy, Drama",56,6.2,indie
tt9784456,The Kissing Booth 2,2020,"Comedy, Romance",39,5.7,indie
tt3300542,London Has Fallen,2016,"Action, Thriller",28,5.9,indie
tt11138512,The Northman,2022,"Action, Adventure, Drama",82,7.0,indie
tt6856242,The King's Man,2021,"Action, Adventure, Thriller",44,6.3,indie
tt5886046,Escape Room,2019,"Action, Adventure, Horror",48,6.4,indie
tt4589218,Five Nights at Freddy's,2023,"Horror, Mystery, Thriller",33,5.4,indie
tt6499752,Upgrade,2018,"Action, Sci-Fi, Thriller",67,7.5,indie
tt4857264,The Invisible Guest,2016,"Crime, Drama, Mystery",N/A,8.0,indie
tt2463208,The Adam Project,2022,"Action, Adventure, Comedy",55,6.7,indie
tt6294822,The Post,2018,"Biography, Drama, History",83,7.2,indie
tt1860357,Deepwater Horizon,2016,"Action, Drama, History",68,7.1,indie
tt3416828,Ice Age: Collision Course,2016,"Animation, Action, Adventure",34,5.7,indie
tt2582782,Hell or High Water,2016,"Crime, Drama, Thriller",88,7.6,indie
tt8760708,M3GAN,2022,"Horror, Sci-Fi, Thriller",72,6.3,indie
tt5022702,Hush,2016,"Horror, Thriller",67,6.6,indie
tt7556122,The Old Guard,2020,"Action, Thriller",70,6.7,indie
tt5108870,Morbius,2022,"Action, Adventure, Horror",35,5.1,indie
tt1618434,Murder Mystery,2019,"Crime, Mystery, Romance",38,6.1,indie
tt6467266,Sing 2,2021,"Animation, Adventure, Comedy",49,7.3,indie
tt3289956,The Autopsy of Jane Doe,2016,"Horror, Mystery, Thriller",65,6.8,indie
tt1016150,All Quiet on the Western Front,2022,"Drama, History, War",76,7.8,indie
tt13833688,The Whale,2022,Drama,60,7.6,indie
tt14539740,Godzilla X Kong: The New Empire,2024,"Action, Adventure, Fantasy",47,6.0,indie
tt5220122,Hotel Transylvania 3: Summer Vacation,2018,"Animation, Adventure, Comedy",54,6.3,indie
tt4729430,Klaus,2019,"Animation, Adventure, Comedy",65,8.2,indie
tt15325794,Fall,2022,"Action, Thriller",62,6.4,indie
tt3774114,Snowden,2016,"Biography, Crime, Drama",58,7.3,indie
tt18412256,Alien: Romulus,2024,"Horror, Sci-Fi, Thriller",64,7.1,indie
tt1590193,The Commuter,2018,"Action, Mystery, Thriller",56,6.3,indie
tt3717490,Power Rangers,2017,"Action, Adventure, Fantasy",44,5.9,indie
tt4901306,Perfect Strangers,2016,"Comedy, Drama, Thriller",N/A,7.7,indie
tt7040874,A Simple Favor,2018,"Comedy, Crime, Mystery",67,6.7,indie
tt1860213,Dirty Grandpa,2016,Comedy,21,5.9,indie
tt4287320,The Circle,2017,"Drama, Mystery, Sci-Fi",43,5.4,indie
tt11032374,Demon Slayer: Kimetsu no Yaiba - The Movie: Mugen Train,2020,"Animation, Action, Adventure",72,8.2,indie
tt10431500,Miracle in Cell No. 7,2019,Drama,N/A,8.2,indie
tt5323662,A Silent Voice: The Movie,2016,"Animation, Drama",78,8.2,indie
tt3967856,Okja,2017,"Action, Adventure, Drama",75,7.3,indie
tt5715874,The Killing of a Sacred Deer,2017,"Drama, Horror, Mystery",73,7.0,indie
tt1666801,The DUFF,2015,"Comedy, Romance",56,6.4,indie
tt6412452,The Ballad of Buster Scruggs,2018,"Comedy, Drama, Musical",79,7.2,indie
tt0993840,Army of the Dead,2021,"Action, Adventure, Crime",57,5.8,indie
tt4501244,Why Him?,2016,Comedy,39,6.2,indie
tt17279496,Civil War,2024,"Action, Thriller, War",75,7.0,indie
tt4016934,The Handmaiden,2016,"Drama, Romance, Thriller",85,8.1,indie
tt2404233,Gods of Egypt,2016,"Action, Adventure, Drama",25,5.4,indie
tt15314262,The Beekeeper,2024,"Action, Crime, Thriller",53,6.3,indie
tt16366836,Venom: The Last Dance,2024,"Action, Adventure, Horror",41,6.0,indie
tt11389872,Kingdom of the Planet of the Apes,2024,"Action, Adventure, Drama",66,6.8,indie
tt1649418,The Gray Man,2022,"Action, Mystery, Thriller",49,6.5,indie
tt3569230,Legend,2015,"Biography, Crime, Drama",55,6.9,indie
tt9777666,The Tomorrow War,2021,"Action, Adventure, Drama",45,6.6,indie
tt2446980,Joy,2015,"Biography, Drama",56,6.6,indie
tt8079248,Yesterday,2019,"Comedy, Fantasy, Music",55,6.8,indie
tt1878870,The Edge of Seventeen,2016,"Comedy, Drama, Romance",77,7.3,indie
tt4651520,Bad Moms,2016,Comedy,60,6.2,indie
tt7668870,Searching,2018,"Drama, Mystery, Thriller",71,7.6,indie
tt7657566,Death on the Nile,2022,"Crime, Drama, Mystery",52,6.3,indie
tt1206885,Rambo: Last Blood,2019,"Action, Crime, Thriller",26,6.1,indie
tt2224026,Home,2015,"Animation, Adventure, Comedy",55,6.5,indie
tt6772950,Truth or Dare,2018,"Horror, Mystery, Thriller",35,5.2,indie
tt4731136,A Cure for Wellness,2016,"Drama, Fantasy, Horror",47,6.4,indie
tt1462764,Indiana Jones and the Dial of Destiny,2023,"Action, Adventure, Sci-Fi",58,6.5,indie
tt5537002,Killers of the Flower Moon,2023,"Crime, Drama, History",89,7.5,indie
tt9495224,Black Mirror: Bandersnatch,2018,"Drama, Fantasy, Mystery",N/A,7.1,indie
tt2850386,The Croods: A New Age,2020,"Animation, Adventure, Comedy",56,6.9,indie
tt4786282,Lights Out,2016,"Horror, Mystery",58,6.3,indie
tt1241317,Death Note,2017,"Crime, Drama, Fantasy",43,4.5,indie
tt6155172,Roma,2018,Drama,96,7.6,indie
tt21909764,Culpa Mía,2023,"Drama, Romance",N/A,6.1,indie
tt5052474,Sicario: Day of the Soldado,2018,"Action, Crime, Drama",61,7.1,indie
tt3420504,Finch,2021,"Adventure, Drama, Sci-Fi",57,6.9,indie
tt1985949,The Angry Birds Movie,2016,"Animation, Action, Adventure",43,6.3,indie
tt4209788,Molly's Game,2017,"Biography, Crime, Drama",71,7.4,indie
tt13320622,The Lost City,2022,"Action, Adventure, Comedy",60,6.1,indie
tt13560574,X,2022,"Horror, Mystery, Thriller",80,6.5,indie
tt11858890,The Creator,2023,"Action, Adventure, Drama",63,6.7,indie
tt1524930,Vacation,2015,"Adventure, Comedy",34,6.2,indie
tt1051904,Goosebumps,2015,"Adventure, Comedy, Family",60,6.3,indie
tt3348730,Jigsaw,2017,"Horror, Mystery, Thriller",39,5.7,indie
tt2402927,Carol,2015,"Drama, Romance",94,7.3,indie
tt3882082,The Boy,2016,"Horror, Mystery, Thriller",42,6.0,indie
tt1974419,The Neon Demon,2016,"Horror, Thriller",51,6.1,indie
tt7504726,The Call of the Wild,2020,"Adventure, Drama, Family",48,6.7,indie
tt3748172,Gerald's Game,2017,"Drama, Horror, Thriller",77,6.5,indie
tt3717252,Underworld: Blood Wars,2016,"Action, Crime, Drama",23,5.8,indie
tt4225622,The Babysitter,2017,"Comedy, Horror",N/A,6.4,indie
tt15671028,No Hard Feelings,2023,"Comedy, Romance",59,6.3,indie
tt9639470,Last Night in Soho,2021,"Drama, Horror, Mystery",65,7.0,indie
tt6189022,Angel Has Fallen,2019,"Action, Thriller",45,6.4,indie
tt6628394,Bad Times at the El Royale,2018,"Crime, Drama, Mystery",60,7.1,indie
tt4244994,The Last Duel,2021,"Drama, History, Thriller",67,7.3,indie
tt8350360,Annabelle Comes Home,2019,"Horror, Mystery, Thriller",53,5.9,indie
tt1618442,The Last Witch Hunter,2015,"Action, Adventure, Fantasy",34,5.9,indie
tt5439796,Logan Lucky,2017,"Action, Comedy, Crime",78,7.0,indie
tt10298810,Lightyear,2022,"Animation, Action, Adventure",60,6.1,indie
tt4302938,Kubo and the Two Strings,2016,"Animation, Action, Adventure",84,7.7,indie
tt1679335,Trolls,2016,"Animation, Adventure, Comedy",55,6.4,indie
tt4034354,Swiss Army Man,2016,"Comedy, Drama, Fantasy",64,6.9,indie
tt10638522,Talk to Me,2022,"Horror, Thriller",76,7.1,indie
tt13345606,Evil Dead Rise,2023,Horror,69,6.5,indie
tt10288566,Another Round,2020,"Comedy, Drama",79,7.7,indie
tt5776858,Phantom Thread,2018,"Drama, Romance",90,7.4,indie
tt17024450,The Equalizer 3,2023,"Action, Crime, Thriller",58,6.8,indie
tt5040012,Nosferatu,2024,"Fantasy, Horror, Mystery",78,7.1,indie
tt3521126,The Disaster Artist,2017,"Biography, Comedy, Drama",76,7.3,indie
tt9484998,Palm Springs,2020,"Comedy, Fantasy, Mystery",83,7.4,indie
tt9620292,Promising Young Woman,2020,"Crime, Drama, Mystery",72,7.5,indie
tt4682266,The New Mutants,2020,"Action, Horror, Mystery",43,5.3,indie
tt2274648,Hellboy,2019,"Action, Adventure, Fantasy",31,5.3,indie
tt3522806,Mechanic: Resurrection,2016,"Action, Adventure, Thriller",38,5.8,indie
tt10151854,Shazam! Fury of the Gods,2023,"Action, Adventure, Comedy",47,5.9,indie
tt7395114,The Devil All the Time,2020,"Crime, Drama, Thriller",55,7.1,indie
tt10272386,The Father,2020,"Drama, Mystery",88,8.2,indie
tt5834426,Moonfall,2022,"Action, Adventure, Sci-Fi",41,5.2,indie
tt3195644,Insidious: Chapter 3,2015,"Horror, Mystery, Thriller",52,6.1,indie
tt7405458,A Man Called Otto,2022,"Comedy, Drama",51,7.5,indie
tt6266538,Vice,2018,"Biography, Comedy, Drama",61,7.2,indie
tt1355683,Black Mass,2015,"Biography, Crime, Drama",68,6.8,indie
tt5541240,To the Bone,2017,Drama,64,6.7,indie
tt6475714,Monster Hunter,2020,"Action, Adventure, Fantasy",47,5.2,indie
tt2452244,Isn't It Romantic,2019,"Comedy, Fantasy, Musical",60,5.9,indie
tt2503944,Burnt,2015,"Comedy, Drama",42,6.6,indie
tt7984766,The King,2019,"Biography, Drama, History",62,7.3,indie
tt21692408,Kung Fu Panda 4,2024,"Animation, Action, Adventure",54,6.3,indie
tt6911608,Mamma Mia! Here We Go Again,2018,"Comedy, Musical, Romance",60,6.6,indie
tt3416532,A Monster Calls,2016,"Adventure, Drama, Family",76,7.4,indie
tt10545296,The Hunger Games: The Ballad of Songbirds & Snakes,2023,"Action, Adventure, Drama",54,6.6,indie
tt1488606,Triple Frontier,2019,"Action, Adventure, Thriller",61,6.5,indie
tt2481498,"Extremely Wicked, Shockingly Evil and Vile",2019,"Biography, Crime, Drama",52,6.7,indie
tt1691916,Before I Fall,2017,"Drama, Fantasy, Mystery",58,6.4,indie
tt1753383,A Dog's Purpose,2017,"Adventure, Comedy, Drama",43,7.3,indie
tt16277242,Society of the Snow,2023,"Adventure, Biography, Drama",72,7.8,indie
tt16116174,Harry Potter 20th Anniversary: Return to Hogwarts,2022,"Documentary, Family",N/A,8.0,indie
tt5774060,Underwater,2020,"Action, Horror, Sci-Fi",48,5.9,indie
tt4178092,The Gift,2015,"Drama, Mystery, Thriller",77,7.0,indie
tt3605418,Knock Knock,2015,"Crime, Thriller",53,4.9,indie
tt7752126,Brightburn,2019,"Drama, Horror, Mystery",44,6.1,indie
tt2592614,Resident Evil: The Final Chapter,2017,"Action, Horror, Sci-Fi",49,5.5,indie
tt5638642,The Ritual,2017,"Horror, Mystery, Thriller",57,6.4,indie
tt10676048,The Marvels,2023,"Action, Adventure, Sci-Fi",50,5.5,indie
tt20215234,Conclave,2024,"Drama, Thriller",79,7.4,indie
tt2854926,Tag,2018,"Action, Comedy",56,6.5,indie
tt4495098,Gran Turismo,2023,"Action, Adventure, Drama",48,7.1,indie
tt4765284,Pitch Perfect 3,2017,"Comedy, Music",40,5.8,indie
tt11214590,House of Gucci,2021,"Biography, Crime, Drama",59,6.6,indie
tt3120280,Sierra Burgess Is a Loser,2018,"Comedy, Drama, Romance",60,5.8,indie
tt1259528,Den of Thieves,2018,"Action, Crime, Drama",49,7.0,indie
tt4954522,Raw,2016,"Drama, Horror",81,6.9,indie
tt11813216,The Banshees of Inisherin,2022,"Comedy, Drama",87,7.6,indie
tt7979580,The Mitchells vs. the Machines,2021,"Animation, Adventure, Comedy",81,7.6,indie
tt7740496,Nightmare Alley,2021,"Crime, Drama, Thriller",70,7.0,indie
tt9770150,Nomadland,2020,Drama,87,7.3,indie
tt3488710,The Walk,2015,"Adventure, Biography, Drama",70,7.3,indie
tt4919268,Bad Boys: Ride or Die,2024,"Action, Adventure, Comedy",54,6.5,indie
tt1488589,Guillermo del Toro's Pinocchio,2022,"Animation, Adventure, Drama",79,7.6,indie
tt1070874,The Trial of the Chicago 7,2020,"Drama, History, Thriller",76,7.7,indie
tt2763304,T2 Trainspotting,2017,"Comedy, Crime, Drama",67,7.1,indie
tt1292566,How to Be Single,2016,"Comedy, Drama, Romance",51,6.1,indie
tt17009710,Anatomy of a Fall,2024,"Crime, Drama, Mystery",86,7.6,indie
tt14463484,Through My Window,2022,"Comedy, Drama, Romance",N/A,5.5,indie
tt10767720,Jarhead: Law of Return,2019,"Action, Drama, War",N/A,5.7,indie
tt15791034,Barbarian,2022,"Horror, Mystery, Thriller",78,7.0,indie
tt4877122,The Emoji Movie,2017,"Animation, Adventure, Comedy",12,3.5,indie
tt2726560,The Longest Ride,2015,"Drama, Romance",33,7.0,indie
tt0490215,Silence,2016,"Drama, History",79,7.2,indie
tt8201170,The Perfect Date,2019,"Comedy, Romance",N/A,5.8,indie
tt2140379,Self/less,2015,"Action, Mystery, Sci-Fi",34,6.5,indie
tt2679042,Hitman: Agent 47,2015,"Action, Adventure, Crime",28,5.7,indie
tt12747748,Leave the World Behind,2023,"Drama, Mystery, Thriller",68,6.4,indie
tt28607951,Anora,2024,"Comedy, Drama, Romance",91,7.4,indie
tt2381111,Brooklyn,2015,"Drama, Romance",88,7.5,indie
tt1961175,American Assassin,2017,"Action, Thriller",45,6.2,indie
tt23289160,Godzilla Minus One,2023,"Action, Adventure, Drama",81,7.7,indie
tt4873118,The Covenant,2023,"Action, Drama, Thriller",63,7.5,indie
tt6394270,Bombshell,2019,"Biography, Drama",64,6.8,indie
tt1413492,12 Strong,2018,"Action, Drama, History",54,6.5,indie
tt13375076,The Pope's Exorcist,2023,"Horror, Thriller",45,6.1,indie
tt7961060,Dragon Ball Super: Broly,2018,"Animation, Action, Adventure",59,7.7,indie
tt13622970,Moana 2,2024,"Animation, Adventure, Comedy",58,6.3,indie
tt4532826,Robin Hood,2018,"Action, Adventure, Drama",32,5.4,indie
tt9421570,The Guilty,2021,"Crime, Drama, Thriller",63,6.3,indie
tt5033998,Charlie's Angels,2019,"Action, Adventure, Comedy",52,5.0,indie
tt8404614,The Two Popes,2019,"Biography, Drama",75,7.6,indie
tt2241351,Money Monster,2016,"Action, Crime, Drama",55,6.5,indie
tt13287846,Napoleon,2023,"Action, Adventure, Biography",64,6.3,indie
tt4846232,Good Time,2017,"Crime, Drama, Thriller",80,7.3,indie
tt26047818,Anyone But You,2023,"Comedy, Romance",52,6.1,indie
tt5649144,The Florida Project,2017,Drama,92,7.6,indie
tt3411444,Ferdinand,2017,"Animation, Adventure, Comedy",58,6.7,indie
tt3359350,Road House,2024,"Action, Drama, Thriller",57,6.2,indie
tt1212428,The Lost City of Z,2016,"Adventure, Biography, Drama",78,6.6,indie
tt5503686,Hustlers,2019,"Comedy, Crime, Drama",79,6.3,indie
tt7550000,Project Power,2020,"Action, Crime, Sci-Fi",51,6.0,indie
tt1473832,Bridget Jones's Baby,2016,"Comedy, Drama, Romance",59,6.4,indie
tt4003440,The House That Jack Built,2018,"Crime, Drama, Horror",42,6.8,indie
tt14948432,Red One,2024,"Action, Adventure, Comedy",34,6.2,indie
tt14641788,Enola Holmes 2,2022,"Action, Adventure, Crime",64,6.8,indie
tt5742374,You Were Never Really Here,2018,"Crime, Drama, Thriller",84,6.7,indie
tt2568862,Going in Style,2017,"Comedy, Crime",50,6.6,indie
tt5078204,Two Is a Family,2016,"Comedy, Drama",N/A,7.3,indie
tt14614892,Dragon Ball Super: Super Hero,2022,"Animation, Action, Adventure",65,7.1,indie
tt3907584,All the Bright Places,2020,"Drama, Romance",61,6.6,indie
tt7456310,Anna,2019,"Action, Thriller",40,6.7,indie
tt8847712,The French Dispatch,2021,"Comedy, Drama, Romance",75,7.1,indie
tt9893250,I Care a Lot,2020,"Comedy, Crime, Drama",66,6.4,indie
tt4281724,Terrifier,2016,Horror,N/A,5.5,indie
tt17351924,Saltburn,2023,"Drama, Thriller",61,7.0,indie
tt5814534,Spies in Disguise,2019,"Animation, Action, Adventure",54,6.8,indie
tt10731256,Don't Worry Darling,2022,"Drama, Mystery, Thriller",48,6.3,indie
tt1754656,The Little Prince,2015,"Animation, Adventure, Comedy",70,7.6,indie
tt3316948,American Ultra,2015,"Action, Comedy",50,6.1,indie
tt10293406,The Power of the Dog,2021,"Drama, Western",89,6.8,indie
tt12263384,Extraction II,2023,"Action, Crime, Thriller",57,7.0,indie
tt4062536,Green Room,2015,"Horror, Thriller",79,7.0,indie
tt8613070,Portrait of a Lady on Fire,2020,"Drama, Romance",95,8.0,indie
tt1615160,The Foreigner,2017,"Action, Crime, Thriller",55,7.0,indie
tt4073790,The Darkest Minds,2018,"Action, Adventure, Drama",39,5.7,indie
tt4332232,Fractured,2019,"Drama, Mystery, Thriller",36,6.5,indie
tt10665338,Halloween Kills,2021,"Action, Drama, Horror",42,5.5,indie
tt4772188,Flow,2024,"Animation, Adventure, Family",87,7.9,indie
tt6214928,1922,2017,"Crime, Drama, Horror",70,6.2,indie
tt2561572,Get Hard,2015,"Comedy, Crime, Drama",34,6.0,indie
tt7322224,Triangle of Sadness,2022,"Comedy, Drama",63,7.2,indie
tt8633478,Run,2020,"Drama, Horror, Mystery",67,6.7,indie
tt26753003,Trap,2024,"Crime, Horror, Mystery",52,5.8,indie
tt2139881,Long Shot,2019,"Comedy, Romance",67,6.8,indie
tt11145118,Creed III,2023,"Action, Drama, Sport",73,6.7,indie
tt4614584,Purple Hearts,2022,"Drama, Music, Romance",30,6.7,indie
tt1226837,Beautiful Boy,2018,"Biography, Drama",62,7.4,indie
tt2400463,The Invitation,2015,"Drama, Horror, Mystery",74,6.6,indie
tt22687790,A Haunting in Venice,2023,"Crime, Drama, Horror",63,6.5,indie
tt13143964,Borat Subsequent Moviefilm,2020,Comedy,68,6.6,indie
tt12261776,65,2023,"Action, Adventure, Sci-Fi",40,5.4,indie
tt3387520,Scary Stories to Tell in the Dark,2019,"Adventure, Horror, Mystery",61,6.2,indie
tt14846026,Sisu,2022,"Action, Thriller, War",70,6.9,indie
tt8695030,The Dead Don't Die,2019,"Action, Comedy, Crime",53,5.4,indie
tt1136617,The Killer,2023,"Action, Adventure, Crime",73,6.7,indie
tt1489887,Booksmart,2019,Comedy,84,7.1,indie
tt5363618,Sound of Metal,2019,"Drama, Music",82,7.7,indie
tt2932536,47 Meters Down,2017,"Horror, Mystery, Thriller",52,5.6,indie
tt4572514,Patriots Day,2016,"Action, Crime, Drama",69,7.3,indie
tt6292852,I Am Mother,2019,"Drama, Mystery, Sci-Fi",64,6.7,indie
tt8009428,Hustle,2022,"Comedy, Drama, Sport",68,7.3,indie
tt6246322,Don't Breathe 2,2021,"Action, Crime, Horror",46,6.0,indie
tt13452446,Damsel,2024,"Action, Adventure, Fantasy",46,6.1,indie
tt1137450,Death Wish,2018,"Action, Crime, Drama",31,6.3,indie
tt4468740,Paddington 2,2017,"Adventure, Comedy, Family",88,7.8,indie
tt4513674,Café Society,2016,"Comedy, Drama, Romance",64,6.6,indie
tt5304992,Set It Up,2018,"Comedy, Romance",62,6.5,indie
tt21382296,Carry-On,2024,"Action, Crime, Thriller",69,6.5,indie
tt5719748,Cold Pursuit,2019,"Action, Comedy, Crime",57,6.2,indie
tt14208870,The Fabelmans,2022,Drama,85,7.5,indie
tt6921996,Johnny English Strikes Again,2018,"Action, Adventure, Comedy",39,6.2,indie
tt4244998,Alpha,2018,"Adventure, Drama",63,6.6,indie
tt1034415,Suspiria,2018,"Drama, Fantasy, Horror",64,6.7,indie
tt7599146,Sound of Freedom,2023,"Biography, Crime, Drama",36,7.6,indie
tt3045616,Mortdecai,2015,"Action, Adventure, Comedy",27,5.5,indie
tt8784956,Ava,2020,"Action, Crime, Drama",39,5.5,indie
tt2582496,Me and Earl and the Dying Girl,2015,"Comedy, Drama",74,7.7,indie
tt23468450,Longlegs,2024,"Crime, Horror, Mystery",77,6.5,indie
tt1781922,No Escape,2015,"Action, Thriller",38,6.8,indie
tt13069986,After We Fell,2021,"Drama, Romance",N/A,4.8,indie
tt28015403,Heretic,2024,"Horror, Thriller",71,7.0,indie
tt6924650,Midway,2019,"Action, Drama, History",47,6.7,indie
tt16426418,Challengers,2024,"Comedy, Drama, Romance",82,7.0,indie
tt6920084,Resident Evil: Welcome to Raccoon City,2021,"Action, Horror, Sci-Fi",44,5.2,indie
tt3322364,Concussion,2015,"Biography, Drama, Sport",55,7.1,indie
tt1298644,The Hustle,2019,"Comedy, Crime",35,5.5,indie
tt9354842,To All the Boys: P.S. I Still Love You,2020,"Comedy, Drama, Romance",54,6.1,indie
tt6306064,Adrift,2018,"Action, Adventure, Biography",56,6.6,indie
tt6195094,Incident in a Ghostland,2018,"Drama, Horror, Mystery",44,6.4,indie
tt6587046,The Boy and the Heron,2023,"Animation, Adventure, Drama",91,7.3,indie
tt6932874,The Boss Baby: Family Business,2021,"Animation, Adventure, Comedy",39,5.9,indie
tt11271038,Licorice Pizza,2021,"Comedy, Drama, Romance",90,7.1,indie
tt3072482,Hardcore Henry,2015,"Action, Adventure, Sci-Fi",51,6.7,indie
tt6566576,Fear Street: Part One - 1994,2021,"Drama, Horror, Mystery",67,6.2,indie
tt4913966,The Curse of La Llorona,2019,"Horror, Mystery, Thriller",41,5.3,indie
tt5884796,Plane,2023,"Action, Adventure, Thriller",62,6.5,indie
tt3774694,Love,2015,"Drama, Romance",51,6.1,indie
tt3811906,Malignant,2021,"Crime, Horror, Mystery",51,6.2,indie
tt7160372,The Zone of Interest,2023,"Drama, History, War",92,7.3,indie
tt9426210,Weathering with You,2019,"Animation, Drama, Fantasy",72,7.5,indie
tt5462602,The Big Sick,2017,"Comedy, Drama, Romance",86,7.5,indie
tt18925334,Pearl,2022,"Drama, Horror, Thriller",76,7.0,indie
tt0983946,Fantasy Island,2020,"Fantasy, Horror, Mystery",22,4.9,indie
tt4695012,It Comes at Night,2017,"Drama, Horror, Mystery",78,6.1,indie
tt10366460,CODA,2021,"Comedy, Drama, Music",72,8.0,indie
tt2823054,Mike and Dave Need Wedding Dates,2016,"Comedy, Romance",51,6.0,indie
tt8368406,Vivarium,2019,"Horror, Mystery, Sci-Fi",64,5.9,indie
tt8385148,Hitman's Wife's Bodyguard,2021,"Action, Comedy, Crime",32,6.1,indie
tt2076822,Chaos Walking,2021,"Action, Adventure, Drama",38,5.7,indie
tt14998742,Rebel Moon - Part One: A Child of Fire,2023,"Action, Adventure, Drama",31,5.6,indie
tt3262342,Loving Vincent,2017,"Animation, Drama, Mystery",62,7.8,indie
tt11057302,Madame Web,2024,"Action, Thriller",26,4.1,indie
tt8115900,The Bad Guys,2022,"Animation, Adventure, Comedy",64,6.9,indie
tt8850222,Peninsula,2020,"Action, Drama, Horror",51,5.5,indie
tt6902676,Guns Akimbo,2019,"Action, Comedy, Crime",42,6.3,indie
tt3775086,They Call Me Jeeg Robot,2015,"Action, Comedy, Drama",N/A,7.0,indie
tt2494362,Bone Tomahawk,2015,"Drama, Horror, Western",72,7.1,indie
tt14849194,The Holdovers,2023,"Comedy, Drama",82,7.9,indie
tt3922818,The Space Between Us,2017,"Drama, Romance, Sci-Fi",33,6.4,indie
tt9071322,Dark Waters,2019,"Biography, Drama, History",73,7.6,indie
tt2226597,The Mountain Between Us,2017,"Drama, Thriller",48,6.4,indie
tt14230388,Asteroid City,2023,"Comedy, Drama, Romance",76,6.4,indie
tt1172049,Demolition,2015,"Comedy, Drama",49,7.0,indie
tt3440298,Descendants,2015,"Action, Adventure, Comedy",N/A,6.3,indie
tt10059518,Unhinged,2020,"Action, Thriller",40,6.0,indie
tt3381008,The Brothers Grimsby,2016,"Action, Adventure, Comedy",44,6.2,indie
tt8629748,Spenser Confidential,2020,"Action, Comedy, Crime",49,6.2,indie
tt11291274,The Unbearable Weight of Massive Talent,2022,"Action, Comedy, Crime",68,7.0,indie
tt10403420,Terrifier 2,2022,Horror,59,6.0,indie
tt5478478,Hostiles,2017,"Drama, Western",65,7.2,indie
tt6265828,A Ghost Story,2017,"Drama, Fantasy, Mystery",84,6.8,indie
tt4139588,Polar,2019,"Action, Crime, Thriller",19,6.3,indie
tt10160976,The Nun II,2023,"Horror, Mystery, Thriller",47,5.6,indie
tt1620981,The Addams Family,2019,"Animation, Comedy, Family",46,5.8,indie
tt4218572,Widows,2018,"Crime, Drama, Thriller",84,6.8,indie
tt3715320,Irrational Man,2015,"Comedy, Crime, Drama",53,6.6,indie
tt11316854,Gabriel's Inferno: Part One,2020,Romance,N/A,5.9,indie
tt3544112,Sing Street,2016,"Comedy, Drama, Music",79,7.9,indie
tt4560436,Mile 22,2018,"Action, Crime, Thriller",38,6.1,indie
tt3787590,We Are Your Friends,2015,"Drama, Music, Romance",46,6.2,indie
tt2058673,Point Break,2015,"Action, Adventure, Crime",34,5.3,indie
tt7958736,Ma,2019,"Horror, Mystery, Thriller",53,5.6,indie
tt3513498,The Lego Movie 2: The Second Part,2019,"Animation, Adventure, Comedy",65,6.5,indie
tt1619029,Jackie,2016,"Biography, Drama",81,6.6,indie
tt1846589,Hunter Killer,2018,"Action, Thriller",43,6.6,indie
tt5294550,All the Money in the World,2017,"Biography, Crime, Drama",72,6.8,indie
tt4687108,In the Tall Grass,2019,"Horror, Mystery, Sci-Fi",46,5.5,indie
tt21807222,Saw X,2023,"Horror, Mystery, Thriller",60,6.6,indie
tt1029360,Poltergeist,2015,"Fantasy, Horror, Thriller",47,4.9,indie
tt2990140,The Christmas Chronicles,2018,"Adventure, Comedy, Family",52,7.0,indie
tt8790086,Kraven the Hunter,2024,"Action, Adventure, Thriller",35,5.5,indie
tt13623136,The Guardians of the Galaxy Holiday Special,2022,"Action, Adventure, Comedy",N/A,6.9,indie
tt1291570,Solace,2015,"Crime, Drama, Mystery",36,6.4,indie
tt2039338,Flatliners,2017,"Drama, Horror, Mystery",27,5.2,indie
tt8093700,The Woman King,2022,"Action, Drama, History",76,6.9,indie
tt7139936,A Rainy Day in New York,2019,"Comedy, Romance",38,6.4,indie
tt6663582,The Spy Who Dumped Me,2018,"Action, Adventure, Comedy",52,6.1,indie
tt9866072,Holidate,2020,"Comedy, Romance",44,6.2,indie
tt13238346,Past Lives,2023,"Drama, Romance",94,7.8,indie
tt5783956,When We First Met,2018,"Comedy, Fantasy, Romance",36,6.4,indie
tt16419074,Air,2023,"Drama, Sport",73,7.4,indie
tt3845232,The Abominable Bride,2016,"Crime, Drama, Mystery",N/A,8.0,indie
tt9411972,Where the Crawdads Sing,2022,"Drama, Mystery, Romance",43,7.2,indie
tt8359848,Climax,2018,"Drama, Horror, Music",69,6.9,indie
tt2788732,Pete's Dragon,2016,"Action, Adventure, Comedy",71,6.7,indie
tt2452386,The Fundamentals of Caring,2016,"Comedy, Drama",55,7.3,indie
tt4698684,Hunt for the Wilderpeople,2016,"Adventure, Comedy, Drama",81,7.8,indie
tt1374989,Pride and Prejudice and Zombies,2016,"Action, Comedy, Fantasy",45,5.8,indie
tt8721424,"tick, tick... BOOM!",2021,"Biography, Comedy, Drama",74,7.5,indie
tt8075192,Shoplifters,2018,"Crime, Drama, Thriller",93,7.9,indie
tt2119543,The House with a Clock in Its Walls,2018,"Comedy, Family, Fantasy",57,6.1,indie
tt2752772,Sinister 2,2015,"Horror, Mystery, Thriller",32,5.3,indie
tt11851548,Orphan: First Kill,2022,"Crime, Drama, Horror",54,5.9,indie
tt10342730,Spiral,2021,"Horror, Mystery, Thriller",40,5.2,indie
tt1083452,Eddie the Eagle,2015,"Adventure, Biography, Comedy",54,7.3,indie
tt13024674,Army of Thieves,2021,"Action, Comedy, Crime",49,6.4,indie
tt9844522,Escape Room: Tournament of Champions,2021,"Action, Adventure, Horror",48,5.8,indie
tt7026672,Every Day,2018,"Drama, Fantasy, Romance",52,6.4,indie
tt1712261,Triple 9,2016,"Action, Crime, Drama",52,6.3,indie
tt6768578,Dogman,2018,"Crime, Drama, Thriller",71,7.2,indie
tt4680182,Colossal,2016,"Comedy, Drama, Fantasy",70,6.2,indie
tt1976009,Victor Frankenstein,2015,"Drama, Horror, Sci-Fi",36,6.0,indie
tt6587640,Trolls World Tour,2020,"Animation, Adventure, Comedy",51,6.1,indie
tt8954732,The Princess Switch,2018,"Comedy, Drama, Family",N/A,6.1,indie
tt9419056,The Unholy,2021,"Drama, Horror, Mystery",36,5.1,indie
tt9701940,Fear Street: Part Two - 1978,2021,"Drama, Horror, Mystery",61,6.7,indie
tt2872518,The Shack,2017,"Drama, Fantasy",32,6.3,indie
tt4633690,Shot Caller,2017,"Crime, Drama, Thriller",59,7.3,indie
tt1860242,The Highwaymen,2019,"Biography, Crime, Drama",58,6.9,indie
tt5592248,The Beguiled,2017,"Drama, History, Thriller",77,6.3,indie
tt13314558,Day Shift,2022,"Action, Comedy, Fantasy",51,6.1,indie
tt9243804,The Green Knight,2021,"Adventure, Drama, Fantasy",85,6.6,indie
tt1711525,Office Christmas Party,2016,Comedy,42,5.9,indie
tt5500218,Samaritan,2022,"Action, Drama, Fantasy",45,5.7,indie
tt3312830,Youth,2015,"Comedy, Drama, Music",64,7.3,indie
tt5580266,The Hate U Give,2018,"Crime, Drama",81,7.5,indie
tt7939766,I'm Thinking of Ending Things,2020,"Drama, Thriller",78,6.5,indie
tt5290524,Quo vado?,2016,Comedy,N/A,6.7,indie
tt15326988,Ghosted,2023,"Action, Adventure, Comedy",34,5.8,indie
tt21235248,Ghostbusters: Frozen Empire,2024,"Adventure, Comedy, Fantasy",46,6.1,indie
tt27534307,Speak No Evil,2024,"Drama, Horror, Thriller",66,6.8,indie
tt14138650,The Pale Blue Eye,2022,"Crime, Horror, Mystery",56,6.6,indie
tt2717822,Blackhat,2015,"Action, Crime, Thriller",52,5.5,indie
tt6324278,Abominable,2019,"Animation, Adventure, Comedy",61,7.0,indie
tt6259380,Code 8,2019,"Action, Crime, Drama",48,6.1,indie
tt4547056,The Girl with All the Gifts,2016,"Action, Adventure, Drama",67,6.6,indie
tt6998518,Mandy,2018,"Action, Fantasy, Horror",83,6.5,indie
tt14966898,Late Night with the Devil,2023,Horror,72,7.0,indie
tt8688634,21 Bridges,2019,"Action, Adventure, Crime",51,6.7,indie
tt5690360,Slender Man,2018,"Horror, Mystery, Thriller",30,3.3,indie
tt1243974,Aloha,2015,"Comedy, Drama, Romance",40,5.4,indie
tt7458762,The Wolf's Call,2019,"Action, Thriller",N/A,6.9,indie
tt6111574,The Woman in the Window,2021,"Crime, Drama, Mystery",41,5.7,indie
tt5093026,Papillon,2017,"Adventure, Biography, Crime",51,7.2,indie
tt2387499,Keeping Up with the Joneses,2016,"Action, Comedy",34,5.9,indie
tt3758172,Jungle,2017,"Adventure, Biography, Drama",48,6.7,indie
tt4686844,The Death of Stalin,2017,"Comedy, Drama, History",88,7.3,indie
tt2531344,Blockers,2018,"Comedy, Drama",69,6.2,indie
tt2076298,Ip Man 4: The Finale,2019,"Action, Biography, Drama",62,7.0,indie
tt3118452,Circle,2015,"Drama, Horror, Mystery",N/A,6.0,indie
tt3181822,The Boy Next Door,2015,Thriller,30,4.7,indie
tt6738136,Revenge,2017,"Action, Drama, Horror",81,6.4,indie
tt4799050,Rough Night,2017,Comedy,51,5.2,indie
tt4971344,The Sisters Brothers,2018,"Drama, Western",78,6.9,indie
tt5215952,The Wailing,2016,"Drama, Horror",81,7.4,indie
tt2273657,True Story,2015,"Biography, Crime, Drama",50,6.3,indie
tt11233960,The Unforgivable,2021,"Crime, Drama, Mystery",41,7.1,indie
tt10676012,To All the Boys: Always and Forever,2021,"Comedy, Drama, Romance",65,6.3,indie
tt10620868,#Alive,2020,"Action, Drama, Horror",N/A,6.3,indie
tt5247022,Paterson,2016,"Comedy, Drama, Romance",90,7.3,indie
tt26446278,The Count of Monte-Cristo,2024,"Action, Adventure, Drama",75,7.6,indie
tt8663516,Child's Play,2019,"Drama, Horror, Sci-Fi",48,5.7,indie
tt1540011,Blair Witch,2016,"Horror, Mystery, Thriller",47,5.0,indie
tt5246700,How It Ends,2018,"Action, Drama, Horror",36,5.1,indie
tt11116912,Troll,2022,"Action, Adventure, Drama",62,5.8,indie
tt7214954,Luck,2022,"Animation, Adventure, Comedy",48,6.5,indie
tt3819668,Dragon Ball Z: Resurrection 'F',2015,"Animation, Action, Adventure",N/A,7.1,indie
tt10539608,The Midnight Sky,2020,"Adventure, Drama, Sci-Fi",58,5.7,indie
tt12783454,The Kissing Booth 3,2021,"Comedy, Romance",36,4.8,indie
tt6977338,Good Boys,2019,"Adventure, Comedy",60,6.7,indie
tt7504818,Ron's Gone Wrong,2021,"Animation, Adventure, Comedy",65,7.1,indie
tt2106651,Spectral,2016,"Action, Adventure, Sci-Fi",N/A,6.3,indie
tt9701942,Fear Street: Part Three - 1666,2021,"Horror, Mystery",68,6.6,indie
tt6908274,Mirage,2018,"Drama, Fantasy, Mystery",N/A,7.4,indie
tt3201640,Extinction,2018,"Action, Drama, Sci-Fi",40,5.8,indie
tt13405778,Insidious: The Red Door,2023,"Horror, Mystery, Thriller",45,5.5,indie
tt7043012,Velvet Buzzsaw,2019,"Horror, Mystery, Thriller",61,5.7,indie
tt3716530,Elle,2016,"Crime, Drama, Thriller",89,7.1,indie
tt8267604,Capernaum,2018,Drama,75,8.4,indie
tt4005402,Colonia,2015,"Biography, Drama, History",33,7.0,indie
tt2261287,Leap!,2016,"Animation, Adventure, Comedy",48,6.8,indie
tt4540710,Miss Sloane,2016,Drama,64,7.5,indie
