title,imdb_id,release_date,budget,revenue,vote_average,vote_count,studio_type
Joker,tt7286456,2019-10-01,55000000,1078958629,8.122,27972,major
Mad Max: Fury Road,tt1392190,2015-05-13,150000000,378858340,7.635,24294,major
Suicide Squad,tt1386697,2016-08-03,175000000,749200054,5.917,22234,major
Jurassic World,tt0369610,2015-06-06,150000000,1671537444,6.703,21727,major
Wonder Woman,tt0451279,2017-05-30,149000000,823970682,7.207,21027,major
Fantastic Beasts and Where to Find Them,tt3183660,2016-11-16,180000000,809342332,7.309,19819,major
Batman v Superman: Dawn of Justice,tt2975590,2016-03-23,250000000,874362803,6.006,19157,major
Dunkirk,tt5013056,2017-07-19,150000000,549136737,7.45,17723,major
Ready Player One,tt1677720,2018-03-28,175000000,607274134,7.589,17121,major
Beauty and the Beast,tt2771200,2017-03-16,160000000,1266115964,6.967,16081,major
A Quiet Place,tt6644200,2018-04-03,17000000,340955294,7.395,15499,major
Aquaman,tt1477834,2018-12-07,160000000,1152028393,6.866,15039,major
Justice League,tt0974015,2017-11-15,300000000,661326987,6.07,13776,major
Pirates of the Caribbean: Dead Men Tell No Tales,tt1790809,2017-05-23,230000000,795922298,6.662,12929,major
Jurassic World: Fallen Kingdom,tt4881806,2018-06-06,170000000,1310469037,6.531,12872,major
Fifty Shades of Grey,tt2322441,2015-02-11,40000000,569651467,5.867,12472,major
A Star Is Born,tt1517451,2018-10-03,36000000,436388866,7.492,12287,major
The Batman,tt1877830,2022-03-01,185000000,772775278,7.664,12196,major
Oppenheimer,tt15398776,2023-07-19,100000000,952000000,8.023,12086,major
Fantastic Beasts: The Crimes of Grindelwald,tt4123430,2018-11-14,200000000,654900000,6.833,11553,major
Furious 7,tt2820852,2015-04-01,190000000,1515400000,7.216,11381,major
Barbie,tt1517268,2023-07-19,145000000,1447138421,6.916,11292,major
Tenet,tt6723592,2020-08-22,205000000,365304105,7.175,11280,major
Top Gun: Maverick,tt1745960,2022-05-21,170000000,1488732821,8.158,11241,major
Minions,tt2293640,2015-06-17,74000000,1159457503,6.421,11184,major
Zack Snyder's Justice League,tt12361974,2021-03-18,70000000,0,8.1,10961,major
The Super Mario Bros. Movie,tt6718170,2023-04-05,100000000,1360879735,7.602,10934,major
Birds of Prey (and the Fantabulous Emancipation of One Harley Quinn),tt7713068,2020-02-05,75000000,205537933,6.87,10890,major
The Fate of the Furious,tt4630562,2017-04-12,250000000,1236000000,6.852,10887,major
The Lion King,tt6105098,2019-07-12,260000000,1662020819,7.095,10814,major
Aladdin,tt6139732,2019-05-22,183000000,1054304000,7.081,10705,major
Sonic the Hedgehog,tt3794354,2020-02-12,85000000,319715683,7.279,10467,major
Cruella,tt3228774,2021-05-26,200000000,233503234,7.972,10174,major
The Big Short,tt1596363,2015-12-11,28000000,133346506,7.368,9936,major
Mission: Impossible - Rogue Nation,tt2381249,2015-07-28,150000000,682716636,7.225,9807,major
The Suicide Squad,tt6334354,2021-07-28,185000000,168717425,7.456,9711,major
Annihilation,tt2798920,2018-02-22,40000000,43070915,6.446,9465,major
xXx: Return of Xander Cage,tt1293847,2017-01-13,85000000,346118277,6.1,9279,major
Mission: Impossible - Fallout,tt4912910,2018-07-25,178000000,824171374,7.45,9234,major
Wonder Woman 1984,tt7126948,2020-12-16,200000000,169601036,6.364,9138,major
San Andreas,tt2126355,2015-05-27,110000000,473990832,6.248,9100,major
Terminator Genisys,tt1340138,2015-06-23,155000000,440603537,5.959,9057,major
Ocean's Eight,tt5164214,2018-06-07,70000000,297718711,6.953,8876,major
Ghost in the Shell,tt1219827,2017-03-29,110000000,169801921,6.109,8636,major
The Secret Life of Pets,tt2709768,2016-06-18,75000000,875457937,6.3,8567,major
Baywatch,tt1469304,2017-05-25,69000000,177900000,6.081,8560,major
The Jungle Book,tt3040964,2016-04-07,175000000,966550600,6.877,8558,major
Tomb Raider,tt1365519,2018-03-05,94000000,274650803,6.365,8420,major
Fifty Shades Freed,tt4477536,2018-01-17,55000000,371985018,6.67,8396,major
Focus,tt2381941,2015-02-25,50100000,153962963,6.872,8342,major
The Meg,tt4779682,2018-08-09,150000000,530517320,6.252,8269,major
Us,tt6857112,2019-03-14,20000000,256071218,6.944,8167,major
Ted 2,tt2637276,2015-06-25,68000000,215863606,6.326,8063,major
Fifty Shades Darker,tt4465564,2017-02-08,55000000,381545846,6.473,7980,major
Fast & Furious Presents: Hobbs & Shaw,tt6806448,2019-07-31,200000000,760098996,6.827,7840,major
Sully,tt3263904,2016-09-07,60000000,240800000,7.205,7781,major
F9,tt5433138,2021-05-19,200000000,726229501,6.991,7774,major
The Mummy,tt2345759,2017-06-06,125000000,409231607,5.521,7709,major
Despicable Me 3,tt3469046,2017-06-15,80000000,1034800131,6.47,7695,major
A Quiet Place Part II,tt8332922,2021-05-21,55000000,297372261,7.431,7502,major
Cinderella,tt1661199,2015-03-06,95000000,543514353,6.826,7455,major
The Accountant,tt2140479,2016-10-13,44000000,155160045,7.138,7456,major
Tomorrowland,tt1964418,2015-05-19,190000000,209200000,6.298,7405,major
The Intern,tt2361509,2015-09-23,35000000,194564672,7.229,7392,major
Jupiter Ascending,tt1617661,2015-02-04,176000000,184000000,5.472,7168,major
Star Trek Beyond,tt2660888,2016-07-07,185000000,343471816,6.793,7167,major
mother!,tt5109784,2017-09-13,30000000,44516999,6.956,7164,major
Jurassic World Dominion,tt8041270,2022-06-01,658800000,1004004592,6.602,7161,major
Black Adam,tt6443346,2022-10-19,200000000,393452111,6.787,7124,major
Mulan,tt4566758,2020-09-04,200000000,69965374,6.823,7096,major
The Man from U.N.C.L.E.,tt1638355,2015-08-13,75000000,110045109,7.079,6929,major
Alice Through the Looking Glass,tt2567026,2016-05-25,170000000,299457024,6.6,6828,major
Transformers: The Last Knight,tt3371366,2017-06-16,217000000,605425157,6.06,6802,major
Bumblebee,tt4701182,2018-11-22,135000000,467989645,6.72,6702,major
Onward,tt7146812,2020-02-29,200000000,141888276,7.6,6634,major
Happy Death Day,tt5308322,2017-10-12,4800000,125479266,6.66,6623,major
The Matrix Resurrections,tt10838180,2021-12-16,190000000,156497322,6.327,6575,major
The Legend of Tarzan,tt0918940,2016-06-29,180000000,356743061,5.923,6566,major
Maleficent: Mistress of Evil,tt4777008,2019-10-16,185000000,491730089,7.296,6546,major
Fast X,tt5433140,2023-05-17,340000000,704709660,6.988,6404,major
Jungle Cruise,tt0870154,2021-07-28,200000000,220889446,7.282,6230,major
King Arthur: Legend of the Sword,tt1972591,2017-05-10,175000000,149175066,6.558,6111,major
The Black Phone,tt7144666,2022-06-16,16000000,161441914,7.515,5938,major
Sonic the Hedgehog 2,tt12412888,2022-03-30,110000000,405421518,7.428,5932,major
Terminator: Dark Fate,tt6450804,2019-10-23,185000000,261119292,6.421,5754,major
First Man,tt1213641,2018-10-10,70000000,105713218,7.042,5720,major
The Great Wall,tt2034800,2016-12-16,150000000,331957105,6.033,5599,major
War Dogs,tt2005151,2016-08-18,50000000,86234523,6.946,5565,major
Pitch Perfect 2,tt2848292,2015-05-07,29000000,287144079,6.8,5546,major
The Purge: Election Year,tt4094724,2016-06-29,10000000,118587880,6.38,5537,major
Gemini Man,tt1025100,2019-10-02,140000000,173469516,6.262,5507,major
The Lego Batman Movie,tt4116284,2017-02-08,80000000,311950384,7.253,5488,major
The Mule,tt7959026,2018-12-14,50000000,174800000,6.87,5410,major
Jack Reacher: Never Go Back,tt3393786,2016-10-19,60000000,162100000,6.027,5400,major
Skyscraper,tt5758778,2018-07-11,125000000,304870828,6.311,5392,major
Transformers: Rise of the Beasts,tt5090568,2023-06-06,195000000,441381193,7.169,5339,major
Everest,tt2719848,2015-09-10,55000000,203427584,6.825,5286,major
Geostorm,tt1981128,2017-10-12,120000000,221600160,6.126,5248,major
Mortal Engines,tt1571234,2018-11-27,100000000,83869818,6.243,5239,major
Mission: Impossible - Dead Reckoning Part One,tt9603212,2023-07-08,220000000,571125435,7.503,5223,major
Fantastic Beasts: The Secrets of Dumbledore,tt4123432,2022-04-06,200000000,407200000,6.627,5158,major
Halloween,tt1502407,2018-10-18,10000000,259939869,6.565,5104,major
The Flash,tt0439572,2023-06-13,220000000,271333313,6.621,5094,major
The Huntsman: Winter's War,tt2381991,2016-04-06,115000000,164989338,6.295,5077,major
American Made,tt3532216,2017-08-18,50000000,133511855,6.901,5046,major
Rocketman,tt2066051,2019-05-17,40000000,167300000,7.313,5033,major
Nope,tt10954984,2022-07-20,68000000,171932082,6.828,5016,major
Furiosa: A Mad Max Saga,tt12037194,2024-05-22,168000000,174287546,7.4,5014,major
Doctor Sleep,tt5606664,2019-10-30,45000000,72385286,7.147,4957,major
Old,tt10954652,2021-07-21,18000000,90146510,6.322,4950,major
Allied,tt3640424,2016-11-23,106000000,119520023,6.806,4836,major
Dungeons & Dragons: Honor Among Thieves,tt2906216,2023-03-23,151000000,208200000,7.357,4769,major
Neighbors 2: Sorority Rising,tt4438848,2016-05-04,35000000,108007109,5.816,4657,major
Gladiator II,tt9218128,2024-11-13,310000000,462180717,6.604,4587,major
Dumbo,tt3861390,2019-03-27,170000000,353284621,6.587,4550,major
Love and Monsters,tt2222042,2020-10-16,30000000,1122066,7.268,4507,major
The Grinch,tt2709692,2018-11-08,75000000,552976825,6.865,4471,major
Wonka,tt6166392,2023-12-06,125000000,634502312,7.039,4456,major
In the Heart of the Sea,tt1390411,2015-12-03,100000000,93900000,6.774,4420,major
Steve Jobs,tt2080374,2015-10-09,30000000,34400000,6.774,4403,major
The First Purge,tt6133466,2018-07-04,13000000,137056262,6.0,4259,major
Space Jam: A New Legacy,tt3554046,2021-07-08,150000000,163692228,6.638,4251,major
Straight Outta Compton,tt1398426,2015-08-11,28000000,201634991,7.773,4231,major
Smile,tt15474916,2022-09-23,17000000,217408513,6.675,4145,major
Downsizing,tt1389072,2017-12-22,68000000,55003890,5.411,4140,major
Minions: The Rise of Gru,tt5113044,2022-06-29,85000000,940203765,7.3,4061,major
Meg 2: The Trench,tt9224104,2023-08-02,129000000,398500317,6.376,4034,major
"Hail, Caesar!",tt0475290,2016-02-05,22000000,63647656,5.945,4035,major
13 Hours: The Secret Soldiers of Benghazi,tt4172430,2016-01-14,50000000,69411370,7.277,3996,major
Crazy Rich Asians,tt3104988,2018-08-15,30000000,238539198,7.053,3988,major
Scream,tt11245972,2022-01-12,24000000,138874789,6.685,3944,major
Elvis,tt3704428,2022-06-22,85000000,288670284,7.455,3941,major
Dolittle,tt6673612,2020-01-02,175000000,251410631,6.576,3918,major
The Fall Guy,tt1684562,2024-04-24,125000000,181073291,6.958,3890,major
Teenage Mutant Ninja Turtles: Out of the Shadows,tt3949660,2016-05-30,135000000,245623848,6.061,3839,major
Babylon,tt10640346,2022-12-22,78000000,65267446,7.341,3834,major
"Everything, Everything",tt5001718,2017-05-18,10000000,61621140,7.2,3759,major
The Hunt,tt8244784,2020-03-11,14000000,12400979,6.65,3727,major
Happy Death Day 2U,tt8155288,2019-02-13,9000000,64600152,6.321,3691,major
The BFG,tt3691740,2016-06-01,140000000,195243411,6.289,3664,major
The Cloverfield Paradox,tt2548396,2018-02-04,45000000,0,5.639,3616,major
Aquaman and the Lost Kingdom,tt9663764,2023-12-20,205000000,440181226,6.518,3573,major
Midnight Sun,tt4799066,2018-03-22,2800000,27365467,7.803,3564,major
Mary Poppins Returns,tt5028340,2018-12-13,130000000,348807090,6.509,3491,major
Daddy's Home,tt1528854,2015-12-25,50000000,242786137,6.294,3468,major
Pet Sematary,tt0837563,2019-04-04,21000000,113118226,5.744,3459,major
A Quiet Place: Day One,tt13433802,2024-06-26,67000000,261907653,6.644,3445,major
Crawl,tt8364368,2019-07-10,13500000,91542097,6.3,3419,major
Greyhound,tt6048922,2020-07-09,50300000,0,7.414,3370,major
The Secret Life of Pets 2,tt5113040,2019-05-24,80000000,429434163,6.954,3369,major
Sonic the Hedgehog 3,tt18259086,2024-12-19,122000000,492162604,7.608,3365,major
The Little Mermaid,tt5971474,2023-05-18,297000000,569626289,6.268,3358,major
Despicable Me 4,tt7510222,2024-06-20,100000000,972021410,7.0,3285,major
Instant Family,tt7401588,2018-11-13,48000000,121000000,7.494,3266,major
Scream VI,tt17663992,2023-03-08,33000000,169063850,6.941,3265,major
Beetlejuice Beetlejuice,tt2049403,2024-09-04,99000000,452000435,6.931,3202,major
Insidious: The Last Key,tt5726086,2018-01-03,10000000,172811971,6.264,3187,major
Overlord,tt4530422,2018-11-01,38000000,41657844,6.736,3173,major
Blue Beetle,tt9362930,2023-08-16,104000000,130788072,6.6,3172,major
Knock at the Cabin,tt15679400,2023-02-01,20000000,54700000,6.249,3141,major
Wicked,tt1262426,2024-10-16,150000000,758827029,6.911,3134,major
Twisters,tt12584954,2024-07-10,155000000,372262265,6.773,3066,major
Hotel Transylvania: Transformania,tt9848626,2022-01-31,75000000,18500000,7.028,3056,major
The SpongeBob Movie: Sponge on the Run,tt4823776,2020-08-14,60000000,4810790,7.389,3011,major
Roald Dahl's The Witches,tt0805647,2020-10-26,0,29303571,6.332,3008,major
Run All Night,tt2199571,2015-03-11,50000000,71561644,6.434,3003,major
Joker: Folie à Deux,tt11315808,2024-10-01,190000000,207500287,5.406,2983,major
Christopher Robin,tt4575576,2018-08-01,75000000,197744825,7.296,2938,major
Project Almanac,tt2436386,2015-01-28,12000000,33200000,6.793,2893,major
King Richard,tt9620288,2021-11-18,50000000,39400000,7.601,2889,major
Pan,tt3332064,2015-09-24,150000000,128388320,5.958,2869,major
The Little Things,tt10016180,2021-01-28,30000000,29942746,6.357,2865,major
Fences,tt2671706,2016-12-16,24000000,64400000,6.894,2832,major
Tom Clancy's Without Remorse,tt0499097,2021-04-30,0,0,6.9,2762,major
Daddy's Home 2,tt5657846,2017-11-09,69000000,180613180,6.306,2759,major
Richard Jewell,tt3513548,2019-12-13,45000000,33900000,7.416,2756,major
Trainwreck,tt3152624,2015-07-17,35000000,140795793,5.785,2737,major
Mufasa: The Lion King,tt13186482,2024-12-18,200000000,722631756,7.303,2721,major
The Forever Purge,tt10327252,2021-06-30,18000000,76994245,6.9,2706,major
Last Christmas,tt8623904,2019-11-07,30000000,121600000,7.196,2656,major
Ouija: Origin of Evil,tt4361050,2016-10-20,9000000,81831866,6.161,2653,major
Rings,tt0498381,2017-02-01,25000000,83080890,5.024,2634,major
Mowgli: Legend of the Jungle,tt2388771,2018-11-25,175000000,0,6.478,2623,major
Tom & Jerry,tt1361336,2021-02-10,50000000,136536687,6.729,2592,major
Violent Night,tt12003946,2022-11-30,20000000,75734910,7.217,2588,major
The SpongeBob Movie: Sponge Out of Water,tt2279373,2015-01-28,74000000,325186032,6.11,2566,major
Storks,tt4624424,2016-09-22,70000000,182379278,6.68,2542,major
Juror #2,tt27403986,2024-10-30,30000000,21418477,6.891,2532,major
Just Mercy,tt4916630,2019-12-25,25000000,50401502,7.85,2517,major
Ambulance,tt4998632,2022-03-16,40000000,52303589,6.62,2488,major
Cocaine Bear,tt14209916,2023-02-22,32500000,88314672,5.989,2479,major
Krampus,tt3850590,2015-11-26,15000000,61800000,6.2,2419,major
Coming 2 America,tt6802400,2021-03-04,60000000,0,6.331,2414,major
Zoolander 2,tt1608290,2016-02-06,50000000,56722693,4.928,2406,major
The Snowman,tt1758810,2017-08-24,35000000,43203413,5.217,2396,major
Countdown,tt10039344,2019-10-24,6500000,48021766,6.205,2334,major
Togo,tt5116302,2019-12-20,0,0,8.137,2327,major
Migration,tt6495056,2023-12-06,72000000,298776052,7.358,2280,major
Peppermint,tt6850820,2018-09-06,25000000,53918723,6.737,2262,major
The Nutcracker and the Four Realms,tt5523010,2018-10-26,120000000,173961069,6.082,2257,major
Smile 2,tt29268110,2024-10-16,28000000,138128854,6.587,2244,major
A Bad Moms Christmas,tt6359956,2017-08-04,28000000,130560428,6.321,2219,major
Renfield,tt11358390,2023-04-07,65000000,26493921,6.444,2178,major
Infinite,tt6654210,2021-09-09,0,0,6.557,2177,major
Scouts Guide to the Zombie Apocalypse,tt1727776,2015-10-23,15000000,14900000,6.584,2154,major
I Feel Pretty,tt6791096,2018-04-19,32000000,94539426,6.381,2136,major
Abigail,tt27489557,2024-04-16,28000000,43015969,6.658,2135,major
Midnight Special,tt2649554,2016-02-18,18000000,7112282,6.255,2069,major
Halloween Ends,tt10665342,2022-10-12,33000000,105400796,6.022,2053,major
Deadpool,tt1431045,2016-02-09,58000000,782837347,7.624,32966,indie
Avengers: Infinity War,tt4154756,2018-04-25,300000000,2052415039,8.2,32384,indie
Avengers: Endgame,tt4154796,2019-04-24,356000000,2799439100,8.239,28126,indie
Avengers: Age of Ultron,tt2395427,2015-04-22,235000000,1405403694,7.275,24663,indie
Captain America: Civil War,tt3498820,2016-04-27,250000000,1155046416,7.45,24210,indie
Black Panther,tt1825683,2018-02-13,200000000,1349926083,7.364,23662,indie
Inside Out,tt2096673,2015-06-17,175000000,857611174,7.908,23652,indie
Doctor Strange,tt1211837,2016-10-25,180000000,676343174,7.424,23602,indie
Spider-Man: Homecoming,tt2250912,2017-07-05,175000000,880978185,7.331,23392,indie
Guardians of the Galaxy Vol. 2,tt3896198,2017-04-25,200000000,863756051,7.61,23113,indie
Spider-Man: No Way Home,tt10872600,2021-12-15,200000000,1921206586,7.9,22331,indie
Thor: Ragnarok,tt3501632,2017-10-02,180000000,855301806,7.583,22190,indie
The Martian,tt3659388,2015-09-30,108000000,631058917,7.706,21507,indie
Coco,tt2380307,2017-10-27,175000000,814641172,8.198,21169,indie
Ant-Man,tt0478970,2015-07-14,130000000,519311965,7.067,21006,indie
Parasite,tt6751668,2019-05-30,11363000,257591776,8.5,20948,indie
Star Wars: The Force Awakens,tt2488496,2015-12-15,245000000,2068223624,7.248,20687,indie
Logan,tt3315342,2017-02-28,97000000,619021436,7.822,20573,indie
It,tt1396484,2017-09-06,35000000,719766009,7.24,20475,indie
Arrival,tt2543164,2016-11-10,47000000,203388186,7.631,19583,indie
The Revenant,tt1663202,2015-12-25,135000000,532950503,7.541,19484,indie
Deadpool 2,tt5463162,2018-05-15,110000000,785896632,7.491,19404,indie
Get Out,tt5052448,2017-02-24,4500000,255407969,7.624,19084,indie
Split,tt4972582,2017-01-19,9000000,278454358,7.342,18456,indie
Zootopia,tt2948356,2016-02-11,150000000,1025521689,7.8,18307,indie
La La Land,tt3783958,2016-12-01,30000000,509183536,7.898,18262,indie
Kingsman: The Secret Service,tt2802144,2015-01-24,81000000,414351546,7.62,17943,indie
Bohemian Rhapsody,tt1727824,2018-10-24,52000000,910813521,7.955,17884,indie
Spider-Man: Into the Spider-Verse,tt4633694,2018-12-06,90000000,394884133,8.393,17484,indie
Venom,tt1270797,2018-09-28,116000000,856085151,6.825,17376,indie
Spider-Man: Far From Home,tt6320628,2019-06-28,160000000,1132723226,7.396,17181,indie
Baby Driver,tt3890160,2017-06-28,34000000,226945087,7.443,16978,indie
Captain Marvel,tt4154664,2019-03-06,152000000,1131416446,6.778,16895,indie
Rogue One: A Star Wars Story,tt3748528,2016-12-14,200000000,1056057273,7.509,16550,indie
Star Wars: The Last Jedi,tt2527336,2017-12-13,300000000,1334407706,6.747,16471,indie
The Hateful Eight,tt3460252,2015-12-25,44000000,155760117,7.756,15421,indie
Blade Runner 2049,tt1856101,2017-10-04,150000000,259239658,7.598,15362,indie
Dune,tt1160419,2021-09-15,165000000,410668500,7.783,15182,indie
Hacksaw Ridge,tt2119532,2016-10-07,40000000,175302354,8.193,15035,indie
Once Upon a Time... in Hollywood,tt7131622,2019-07-24,95000000,393869691,7.422,15016,indie
Jumanji: Welcome to the Jungle,tt2283362,2017-12-09,90000000,995339117,6.821,14624,indie
John Wick: Chapter 2,tt4425200,2017-02-08,40000000,171539887,7.342,14415,indie
Ex Machina,tt0470752,2015-01-21,15000000,36869414,7.571,14404,indie
Avatar: The Way of Water,tt1630029,2022-12-14,460000000,2334484620,7.593,14400,indie
Passengers,tt1355644,2016-12-21,110000000,303144152,6.957,14347,indie
Ant-Man and the Wasp,tt5095030,2018-07-04,140000000,622674139,6.902,14298,indie
Knives Out,tt8946378,2019-11-27,40000000,312897920,7.84,14216,indie
X-Men: Apocalypse,tt3385516,2016-05-18,178000000,543934787,6.527,13894,indie
Moana,tt3521164,2016-10-13,150000000,690860472,7.565,13868,indie
Incredibles 2,tt3606756,2018-06-14,200000000,1243225667,7.454,13793,indie
1917,tt8579674,2019-12-25,100000000,446064352,7.985,13692,indie
The Hunger Games: Mockingjay - Part 2,tt1951266,2015-11-18,160000000,653428261,6.902,13449,indie
Me Before You,tt2674426,2016-06-01,20000000,207945075,7.929,13410,indie
Green Book,tt6966692,2018-11-16,23000000,321752656,8.225,13031,indie
The Shape of Water,tt5580390,2017-12-01,19500000,195300000,7.236,12948,indie
Call Me by Your Name,tt5726616,2017-10-01,3500000,43143046,8.086,12846,indie
Finding Dory,tt2277860,2016-06-16,200000000,1029266989,7.042,12737,indie
Your Name.,tt5311514,2016-07-01,7500000,405320132,8.481,12731,indie
John Wick: Chapter 3 - Parabellum,tt6146586,2019-05-15,55000000,328349908,7.4,11886,indie
Now You See Me 2,tt3110958,2016-06-02,120000000,334897606,6.826,11684,indie
Soul,tt2948372,2020-12-25,150000000,121977511,8.09,11559,indie
Black Widow,tt3480822,2021-07-07,200000000,379751131,7.162,11375,indie
Spectre,tt2379713,2015-10-26,245000000,880707597,6.571,11343,indie
Venom: Let There Be Carnage,tt7097896,2021-09-30,110000000,506863592,6.74,11265,indie
Kong: Skull Island,tt3731562,2017-03-08,185000000,566652812,6.556,11225,indie
Kingsman: The Golden Circle,tt4649466,2017-09-20,104000000,410902662,6.946,11224,indie
Maze Runner: The Scorch Trials,tt4046784,2015-09-09,61000000,312296056,6.731,11134,indie
"Three Billboards Outside Ebbing, Missouri",tt5027774,2017-12-01,15000000,162729321,8.053,11024,indie
Star Wars: The Rise of Skywalker,tt2527338,2019-12-18,489900000,1074144248,6.262,10960,indie
Toy Story 4,tt1979376,2019-06-19,175000000,1073841394,7.464,10787,indie
Godzilla vs. Kong,tt5034838,2021-03-24,200000000,470116094,7.531,10714,indie
Bird Box,tt2737304,2018-12-13,19800000,0,6.826,10692,indie
Murder on the Orient Express,tt3402236,2017-11-03,55000000,352800000,6.707,10619,indie
Miss Peregrine's Home for Peculiar Children,tt1935859,2016-09-28,110000000,296482446,6.84,10544,indie
Hidden Figures,tt4846340,2016-12-10,25000000,235957472,8.045,10533,indie
Shang-Chi and the Legend of the Ten Rings,tt9376612,2021-09-01,150000000,432243292,7.492,10529,indie
Jojo Rabbit,tt2584384,2019-10-18,14000000,82468705,7.98,10527,indie
Doctor Strange in the Multiverse of Madness,tt9419884,2022-05-04,295400000,955775804,7.231,10519,indie
Insurgent,tt2908446,2015-03-18,110000000,297002527,6.36,10506,indie
Frozen II,tt4520988,2019-11-20,150000000,1453683476,7.229,10361,indie
Shazam!,tt0448115,2019-03-29,80000000,367799011,6.974,10305,indie
Encanto,tt2953050,2021-10-13,150000000,261292688,7.567,10291,indie
Alita: Battle Angel,tt0437086,2019-01-31,170000000,405000000,7.268,10193,indie
The Greatest Showman,tt1485796,2017-12-20,84000000,459066134,7.857,10129,indie
Free Guy,tt6264654,2021-08-11,110000000,331526598,7.446,9967,indie
War for the Planet of the Apes,tt3450958,2017-07-11,150000000,490719763,7.221,9813,indie
Room,tt3170832,2015-10-16,13000000,35401758,7.99,9748,indie
It Chapter Two,tt7349950,2019-09-04,79000000,473123154,6.837,9725,indie
Sicario,tt3397884,2015-09-17,30000000,84997446,7.423,9691,indie
365 Days,tt10886166,2020-02-07,0,9458590,6.992,9558,indie
Alien: Covenant,tt2316204,2017-05-09,97000000,240891763,6.182,9530,indie
Don't Look Up,tt11286314,2021-12-08,75000000,791863,7.06,9482,indie
Jumanji: The Next Level,tt7975244,2019-12-04,125000000,801693929,6.872,9462,indie
Solo: A Star Wars Story,tt3778644,2018-05-15,250000000,392952373,6.6,9364,indie
The Conjuring 2,tt3065204,2016-06-08,40000000,322819915,7.294,9289,indie
Eternals,tt9032400,2021-11-03,200000000,402064899,6.8,9256,indie
Glass,tt6823368,2019-01-16,20000000,246999039,6.665,9161,indie
Ford v Ferrari,tt1950186,2019-11-13,97600000,225508210,8.008,9121,indie
Lady Bird,tt4925292,2017-09-01,10000000,79000000,7.251,9082,indie
Puss in Boots: The Last Wish,tt3915174,2022-12-07,90000000,484700000,8.212,9045,indie
Luca,tt12801262,2021-06-17,200000000,51074773,7.779,9019,indie
Deadpool & Wolverine,tt6263850,2024-07-24,200000000,1338073645,7.581,9011,indie
Spotlight,tt1895587,2015-11-06,20000000,98690254,7.811,8862,indie
Spider-Man: Across the Spider-Verse,tt9362722,2023-05-31,100000000,690897910,8.339,8853,indie
Bad Boys for Life,tt1502397,2020-01-15,90000000,426505244,7.113,8807,indie
10 Cloverfield Lane,tt1179933,2016-03-10,15000000,110216998,7.006,8779,indie
The Nice Guys,tt3799694,2016-05-15,50000000,71261763,7.132,8762,indie
To All the Boys I've Loved Before,tt3846674,2018-08-17,0,0,7.593,8737,indie
Hereditary,tt7784604,2018-06-07,10000000,87796204,7.293,8735,indie
Thor: Love and Thunder,tt10648342,2022-07-06,250000000,760928081,6.368,8698,indie
Chappie,tt1823672,2015-03-04,49000000,104399548,6.79,8552,indie
After,tt4126476,2019-04-11,14000000,69497587,7.104,8544,indie
Guardians of the Galaxy Vol. 3,tt6791350,2023-05-03,250000000,845550000,7.931,8537,indie
Train to Busan,tt5700672,2016-07-20,8500000,87547518,7.753,8519,indie
Nobody,tt7888964,2021-03-18,16000000,57512470,7.872,8501,indie
Sing,tt3470600,2016-11-23,75000000,634151679,7.125,8494,indie
Maze Runner: The Death Cure,tt4500922,2018-01-10,62000000,288418190,7.08,8488,indie
Nocturnal Animals,tt4550098,2016-11-04,22500000,29300000,7.409,8344,indie
Wonder,tt2543472,2017-11-13,20000000,315025930,8.104,8316,indie
Dune: Part Two,tt15239678,2024-02-27,190000000,714844358,8.13,8247,indie
Midsommar,tt8772262,2019-07-03,9000000,48498408,7.148,8235,indie
Ralph Breaks the Internet,tt5848272,2018-11-20,175000000,529323962,7.158,8179,indie
Assassin's Creed,tt2094766,2016-12-21,125000000,240700000,5.4,8174,indie
Everything Everywhere All at Once,tt6710474,2022-03-24,25000000,139200000,7.714,8172,indie
BlacKkKlansman,tt7349662,2018-08-09,15000000,93411426,7.488,8159,indie
Valerian and the City of a Thousand Planets,tt2239822,2017-07-19,177200000,225973340,6.654,8112,indie
Pixels,tt2120120,2015-07-16,88000000,244874809,5.784,8109,indie
John Wick: Chapter 4,tt10366206,2023-03-21,100000000,447316405,7.711,8107,indie
Don't Breathe,tt4160708,2016-06-08,9900000,158906350,7.014,8051,indie
Creed,tt3076658,2015-11-25,37000000,173600000,7.407,8032,indie
Life,tt5442430,2017-03-22,58000000,100541806,6.459,8001,indie
The Platform,tt8228288,2019-11-08,1203235,1090116,6.969,7895,indie
Prey,tt11866324,2022-08-02,65000000,0,7.658,7836,indie
Sausage Party,tt1700841,2016-07-11,19000000,140705322,5.755,7764,indie
The Witch,tt4263482,2016-02-19,4000000,40423945,7.0,7750,indie
Bullet Train,tt12593682,2022-08-03,90000000,239268602,7.4,7695,indie
Rampage,tt2231461,2018-04-11,120000000,428028233,6.469,7630,indie
Moonlight,tt4975722,2016-10-21,4000000,65046687,7.357,7594,indie
The Irishman,tt1302006,2019-11-01,159000000,968853,7.575,7594,indie
Black Panther: Wakanda Forever,tt9114286,2022-11-09,250000000,859102154,7.004,7588,indie
The Boss Baby,tt3874544,2017-03-23,125000000,527965936,6.454,7513,indie
The Kissing Booth,tt3799232,2018-05-11,0,0,7.16,7492,indie
Marriage Story,tt7653254,2019-09-28,18000000,333686,7.732,7475,indie
Pokémon Detective Pikachu,tt5884052,2019-05-03,150000000,450063166,6.903,7414,indie
Raya and the Last Dragon,tt5109280,2021-03-03,100000000,130423032,7.799,7355,indie
Warcraft,tt0803096,2016-05-25,160000000,433677183,6.409,7348,indie
Bridge of Spies,tt3682448,2015-10-15,40000000,165478348,7.243,7329,indie
Ad Astra,tt2935510,2019-09-17,87500000,127461872,6.134,7301,indie
No Time to Die,tt2382320,2021-09-29,250000000,774153024,7.34,7241,indie
The Nun,tt5814060,2018-09-05,22000000,366082797,5.909,7237,indie
How to Train Your Dragon: The Hidden World,tt2386490,2019-01-03,129000000,539987993,7.755,7195,indie
Dark Phoenix,tt6565702,2019-06-05,200000000,252442974,5.968,7162,indie
The Age of Adaline,tt1655441,2015-04-16,25000000,65663276,7.466,7140,indie
Nerve,tt3531824,2016-06-27,19000000,85241496,6.997,7059,indie
Allegiant,tt3410834,2016-03-09,110000000,179246868,6.101,7034,indie
It Follows,tt3235888,2015-02-04,2300000,23374076,6.583,7021,indie
Uncharted,tt1464335,2022-02-10,120000000,407141258,6.882,7004,indie
Lion,tt3741834,2016-11-24,12000000,140312928,8.038,6996,indie
Glass Onion: A Knives Out Mystery,tt11564570,2022-11-23,40000000,15000000,7.03,6967,indie
The Lobster,tt3464902,2015-10-15,4000000,15700000,7.022,6958,indie
Mortal Kombat,tt0293429,2021-04-07,20000000,84426031,7.05,6910,indie
Little Women,tt3281548,2019-12-25,40000000,332103783,7.844,6907,indie
Captain Fantastic,tt3553976,2016-07-08,5000000,23123592,7.889,6885,indie
Ghostbusters,tt1289401,2016-07-14,144000000,229147509,5.343,6831,indie
Inside Out 2,tt22022452,2024-06-11,200000000,1698863816,7.544,6814,indie
Godzilla: King of the Monsters,tt3741700,2019-05-29,170000000,387300138,6.691,6793,indie
The Hitman's Bodyguard,tt1959563,2017-08-16,30000000,176586701,6.895,6730,indie
The Gentlemen,tt8367814,2020-01-01,22000000,115171795,7.661,6711,indie
Enola Holmes,tt7846844,2020-09-22,21000000,0,7.226,6707,indie
Inferno,tt3062096,2016-10-13,75000000,220021259,6.1,6704,indie
Atomic Blonde,tt2406566,2017-07-26,30000000,100014025,6.4,6689,indie
Extraction,tt8936646,2020-04-23,65000000,0,7.289,6685,indie
Kung Fu Panda 3,tt2267968,2016-01-23,145000000,521170825,6.93,6669,indie
The Conjuring: The Devil Made Me Do It,tt7069210,2021-05-25,39000000,206444123,7.346,6620,indie
Independence Day: Resurgence,tt1628841,2016-06-22,165000000,389681935,5.368,6529,indie
Red Notice,tt7991608,2021-11-04,160000000,178143,6.73,6518,indie
What Happened to Monday,tt1536537,2017-08-18,20000000,27975429,7.144,6483,indie
Cars 3,tt3606752,2017-06-15,175000000,383925276,6.865,6478,indie
The Magnificent Seven,tt2404435,2016-09-14,90000000,162400000,6.496,6478,indie
Manchester by the Sea,tt4034228,2016-11-17,9000000,79000000,7.553,6466,indie
Fantastic Four,tt1502712,2015-08-05,120000000,167977596,4.434,6464,indie
Spy,tt3079380,2015-05-06,65000000,235666219,6.83,6453,indie
Central Intelligence,tt1489889,2016-06-15,50000000,216972543,6.418,6410,indie
The Menu,tt9764362,2022-11-17,35000000,79628200,7.177,6404,indie
Red Sparrow,tt2873282,2018-02-28,69000000,151572634,6.534,6400,indie
Game Night,tt2704998,2018-02-15,37000000,117501013,6.846,6363,indie
The Invisible Man,tt1051906,2020-02-26,7000000,144492724,7.091,6355,indie
Zombieland: Double Tap,tt1560220,2019-10-09,42000000,122810399,6.895,6343,indie
The Wild Robot,tt29623480,2024-09-12,78000000,331982078,8.314,6336,indie
"Love, Simon",tt5164432,2018-02-16,17000000,66316289,7.968,6293,indie
Jason Bourne,tt4196776,2016-07-27,120000000,415484914,6.4,6272,indie
"I, Tonya",tt5580036,2017-12-07,11000000,53900000,7.468,6235,indie
The Substance,tt17526714,2024-09-07,17500000,77316812,7.131,6233,indie
Wrath of Man,tt11083552,2021-04-22,40000000,103966489,7.575,6189,indie
Hotel Transylvania 2,tt2510894,2015-09-21,80000000,473200000,6.765,6183,indie
The Girl on the Train,tt3631112,2016-10-05,45000000,173200000,6.44,6086,indie
The 5th Wave,tt2304933,2016-01-14,38000000,109906372,5.938,6081,indie
The Good Dinosaur,tt1979388,2015-11-14,175000000,332207671,6.749,6077,indie
The Equalizer 2,tt3766354,2018-07-19,62000000,190400157,6.795,6055,indie
Annabelle: Creation,tt5140878,2017-08-03,15000000,306592201,6.609,6034,indie
Bright,tt5519340,2017-12-22,90000000,0,6.162,6010,indie
Gifted,tt4481414,2017-04-07,7000000,40300000,7.995,6001,indie
The Danish Girl,tt0810819,2015-11-27,15000000,64200000,7.542,5978,indie
The Favourite,tt5083738,2018-11-23,15000000,95918706,7.486,5966,indie
Five Feet Apart,tt6472976,2019-03-14,7000000,92600000,8.216,5959,indie
Turning Red,tt8097030,2022-03-10,175000000,21813358,7.334,5952,indie
Ant-Man and the Wasp: Quantumania,tt10954600,2023-02-15,200000000,476071180,6.225,5939,indie
Southpaw,tt1798684,2015-07-22,30000000,91709827,7.364,5875,indie
Wind River,tt5362988,2017-08-03,11000000,44998252,7.439,5849,indie
Creed II,tt6343314,2018-11-21,50000000,214200000,7.038,5846,indie
El Camino: A Breaking Bad Movie,tt9243946,2019-10-11,0,0,7.045,5720,indie
Ready or Not,tt7798634,2019-08-21,6000000,57615777,7.092,5688,indie
The Lighthouse,tt7984734,2019-10-18,11000000,18262464,7.466,5630,indie
Poor Things,tt14230458,2023-12-07,35000000,117607117,7.637,5595,indie
The Dark Tower,tt1648190,2017-08-03,60000000,113231078,5.801,5584,indie
Collateral Beauty,tt4682786,2016-12-15,36000000,88528280,7.218,5578,indie
Darkest Hour,tt4555426,2017-11-22,30000000,150847207,7.356,5570,indie
After We Collided,tt10362466,2020-09-02,14000000,47990414,7.15,5481,indie
Isle of Dogs,tt5104604,2018-03-23,35000000,72991435,7.846,5474,indie
Uncut Gems,tt5727208,2019-08-30,19000000,50023780,7.168,5459,indie
The Founder,tt4276820,2016-11-24,15000000,24121245,7.149,5444,indie
Elemental,tt15789038,2023-06-14,200000000,496444308,7.589,5435,indie
Greenland,tt7737786,2020-07-29,34000000,52300000,7.127,5429,indie
Men in Black: International,tt2283336,2019-06-12,110000000,253890701,5.892,5420,indie
Pacific Rim: Uprising,tt2557478,2018-03-21,150000000,290061297,6.125,5409,indie
The Shallows,tt4052882,2016-06-24,17000000,119100758,6.358,5373,indie
Bloodshot,tt1634106,2020-03-05,42000000,39861118,6.677,5295,indie
Crimson Peak,tt2554274,2015-10-13,55000000,74700000,6.663,5290,indie
6 Underground,tt8106534,2019-12-10,150000000,0,6.333,5230,indie
The Visit,tt3567288,2015-09-10,5000000,98450062,6.318,5230,indie
Ghostbusters: Afterlife,tt4513678,2021-11-18,75000000,204445747,7.316,5227,indie
The Predator,tt3829266,2018-09-05,88000000,160542134,5.623,5201,indie
Paper Towns,tt3622592,2015-06-18,12000000,85500000,6.155,5199,indie
The Kissing Booth 2,tt9784456,2020-07-24,0,0,7.604,5153,indie
London Has Fallen,tt3300542,2016-03-02,60000000,205754447,6.225,5151,indie
The Northman,tt11138512,2022-04-07,70000000,69633110,7.025,5148,indie
The King's Man,tt6856242,2021-12-22,100000000,125897478,6.711,5116,indie
Escape Room,tt5886046,2019-01-03,9000000,155712077,6.542,5103,indie
Five Nights at Freddy's,tt4589218,2023-10-25,20000000,297242145,7.301,5101,indie
Upgrade,tt6499752,2018-05-31,3000000,16976561,7.505,5100,indie
The Invisible Guest,tt4857264,2017-01-06,4000000,30000000,8.079,5062,indie
The Adam Project,tt2463208,2022-03-11,116000000,0,6.99,5025,indie
The Post,tt6294822,2017-12-22,50000000,179769467,7.005,4959,indie
Deepwater Horizon,tt1860357,2016-09-28,110000000,121790376,6.9,4957,indie
Ice Age: Collision Course,tt3416828,2016-06-23,105000000,408579038,6.121,4928,indie
Hell or High Water,tt2582782,2016-08-11,12000000,37600000,7.303,4916,indie
M3GAN,tt8760708,2022-12-28,12000000,180089109,7.019,4904,indie
Hush,tt5022702,2016-03-12,1000000,0,6.729,4888,indie
The Old Guard,tt7556122,2020-07-09,70000000,0,7.096,4877,indie
Morbius,tt5108870,2022-03-30,75000000,167635712,5.895,4876,indie
Murder Mystery,tt1618434,2019-05-25,24000000,0,6.256,4847,indie
Sing 2,tt6467266,2021-12-01,85000000,408402685,7.834,4837,indie
The Autopsy of Jane Doe,tt3289956,2016-12-21,4000000,6170043,6.841,4798,indie
All Quiet on the Western Front,tt1016150,2022-10-07,20000000,0,7.736,4788,indie
The Whale,tt13833688,2022-12-09,3000000,57615635,7.763,4771,indie
Godzilla x Kong: The New Empire,tt14539740,2024-03-27,150000000,571750016,7.048,4765,indie
Hotel Transylvania 3: Summer Vacation,tt5220122,2018-06-28,80000000,528600000,6.848,4746,indie
Klaus,tt4729430,2019-11-08,0,0,8.22,4736,indie
Fall,tt15325794,2022-08-11,3000000,17363261,7.146,4722,indie
Snowden,tt3774114,2016-09-15,40000000,37357216,7.113,4708,indie
Alien: Romulus,tt18412256,2024-08-13,80000000,350865342,7.169,4702,indie
The Commuter,tt1590193,2018-01-11,30000000,119942387,6.367,4696,indie
Power Rangers,tt3717490,2017-03-23,105000000,142300000,6.244,4671,indie
Perfect Strangers,tt4901306,2016-02-11,0,32207491,7.853,4651,indie
A Simple Favor,tt7040874,2018-09-13,20000000,97644617,6.643,4634,indie
Dirty Grandpa,tt1860213,2016-01-20,11500000,94100000,5.938,4625,indie
The Circle,tt4287320,2017-04-27,18000000,40651864,5.52,4606,indie
Demon Slayer -Kimetsu no Yaiba- The Movie: Mugen Train,tt11032374,2020-10-16,15700000,523542183,8.223,4596,indie
Miracle in Cell No. 7,tt10431500,2019-10-10,0,28000000,8.254,4582,indie
A Silent Voice: The Movie,tt5323662,2016-09-17,0,30819442,8.4,4580,indie
Okja,tt3967856,2017-06-28,50000000,0,7.33,4573,indie
The Killing of a Sacred Deer,tt5715874,2017-10-20,3000000,10700000,7.004,4495,indie
The DUFF,tt1666801,2015-02-20,8500000,43528634,6.759,4486,indie
The Ballad of Buster Scruggs,tt6412452,2018-11-09,0,0,7.134,4474,indie
Army of the Dead,tt0993840,2021-05-14,90000000,190700000,6.193,4469,indie
Why Him?,tt4501244,2016-12-22,38000000,118102725,6.386,4441,indie
Civil War,tt17279496,2024-04-10,50000000,126542249,6.858,4423,indie
The Handmaiden,tt4016934,2016-06-01,8575000,38600000,8.182,4401,indie
Gods of Egypt,tt2404233,2016-02-25,140000000,150680864,5.698,4394,indie
The Beekeeper,tt15314262,2024-01-08,35000000,162619535,7.279,4372,indie
Venom: The Last Dance,tt16366836,2024-10-22,120000000,478937618,6.666,4348,indie
Kingdom of the Planet of the Apes,tt11389872,2024-05-08,160000000,397378150,7.1,4346,indie
The Gray Man,tt1649418,2022-07-13,200000000,454023,6.918,4337,indie
Legend,tt3569230,2015-09-09,25000000,42972994,7.054,4329,indie
The Tomorrow War,tt9777666,2021-09-03,200000000,14400000,7.518,4315,indie
Joy,tt2446980,2015-12-24,60000000,101134059,6.554,4313,indie
Yesterday,tt8079248,2019-06-26,26000000,154608856,6.687,4302,indie
The Edge of Seventeen,tt1878870,2016-11-18,9000000,18803648,7.152,4290,indie
Bad Moms,tt4651520,2016-07-28,20000000,183936074,6.485,4285,indie
Searching,tt7668870,2018-08-24,880000,75636047,7.571,4284,indie
Death on the Nile,tt7657566,2022-02-09,90000000,137307235,6.41,4274,indie
Rambo: Last Blood,tt1206885,2019-09-18,50000000,91500000,6.535,4269,indie
Home,tt2224026,2015-03-18,135000000,368871007,6.79,4268,indie
Truth or Dare,tt6772950,2018-04-12,3500000,95330493,5.937,4239,indie
A Cure for Wellness,tt4731136,2017-02-15,40000000,26620002,6.35,4239,indie
Indiana Jones and the Dial of Destiny,tt1462764,2023-06-25,294700000,383963057,6.511,4239,indie
Killers of the Flower Moon,tt5537002,2023-10-18,200000000,158722599,7.394,4221,indie
Black Mirror: Bandersnatch,tt9495224,2018-12-28,0,0,6.761,4210,indie
The Croods: A New Age,tt2850386,2020-11-25,65000000,215905815,7.439,4183,indie
Lights Out,tt4786282,2016-07-21,4900000,149368835,6.374,4177,indie
Death Note,tt1241317,2017-08-25,40000000,0,4.273,4146,indie
Roma,tt6155172,2018-11-21,15000000,1140769,7.618,4144,indie
My Fault,tt21909764,2023-06-08,0,0,7.731,4144,indie
Sicario: Day of the Soldado,tt5052474,2018-06-27,35000000,75836683,6.949,4105,indie
Finch,tt3420504,2021-11-04,2500000,0,7.814,4078,indie
The Angry Birds Movie,tt1985949,2016-05-11,73000000,349779543,6.3,4071,indie
Molly's Game,tt4209788,2017-12-07,30000000,59284015,7.155,4056,indie
The Lost City,tt13320622,2022-03-23,74000000,192907684,6.454,4047,indie
X,tt13560574,2022-03-17,1000000,14745049,6.714,4040,indie
The Creator,tt11858890,2023-09-27,80000000,104272136,7.028,4037,indie
Vacation,tt1524930,2015-07-28,31000000,104400000,6.307,4031,indie
Goosebumps,tt1051904,2015-08-05,58000000,158952243,6.313,4017,indie
Jigsaw,tt3348730,2017-10-25,10000000,104223315,6.215,4006,indie
Carol,tt2402927,2015-11-20,11800000,40272135,7.492,3987,indie
The Boy,tt3882082,2016-01-22,10000000,73929392,5.974,3987,indie
The Neon Demon,tt1974419,2016-06-08,7000000,3400000,6.496,3974,indie
The Call of the Wild,tt7504726,2020-02-19,109000000,111200000,7.513,3972,indie
Gerald's Game,tt3748172,2017-09-29,0,0,6.396,3969,indie
Underworld: Blood Wars,tt3717252,2016-11-24,35000000,81093313,5.922,3965,indie
The Babysitter,tt4225622,2017-10-13,0,0,6.189,3946,indie
No Hard Feelings,tt15671028,2023-06-15,45000000,83000000,6.679,3930,indie
Last Night in Soho,tt9639470,2021-10-21,43000000,22957625,7.269,3931,indie
Angel Has Fallen,tt6189022,2019-08-21,40000000,146661977,6.6,3925,indie
Bad Times at the El Royale,tt6628394,2018-10-04,32000000,31882724,6.842,3914,indie
The Last Duel,tt4244994,2021-10-13,100000000,30552111,7.4,3908,indie
Annabelle Comes Home,tt8350360,2019-06-26,27000000,231252591,6.407,3883,indie
The Last Witch Hunter,tt1618442,2015-10-21,90000000,146936910,6.017,3882,indie
Logan Lucky,tt5439796,2017-08-17,29000000,48453605,6.739,3880,indie
Lightyear,tt10298810,2022-06-15,200000000,226425420,6.867,3869,indie
Kubo and the Two Strings,tt4302938,2016-08-18,60000000,76249438,7.636,3856,indie
Trolls,tt1679335,2016-10-13,125000000,347337803,6.624,3855,indie
Swiss Army Man,tt4034354,2016-06-24,3000000,5800000,6.919,3850,indie
Talk to Me,tt10638522,2023-07-26,4500000,91959188,7.141,3847,indie
Evil Dead Rise,tt13345606,2023-04-12,15000000,147256372,6.951,3834,indie
Another Round,tt10288566,2020-09-24,5150000,21700000,7.628,3826,indie
Phantom Thread,tt5776858,2017-12-25,35000000,47756590,7.317,3811,indie
The Equalizer 3,tt17024450,2023-08-30,70000000,191067560,7.3,3801,indie
Nosferatu,tt5040012,2024-12-25,50000000,181805645,6.713,3801,indie
The Disaster Artist,tt3521126,2017-03-12,10000000,29820616,7.099,3789,indie
Palm Springs,tt9484998,2020-07-10,5000000,1818417,7.336,3772,indie
Promising Young Woman,tt9620292,2020-12-13,10000000,20379604,7.382,3763,indie
The New Mutants,tt4682266,2020-04-02,67000000,49169594,6.068,3756,indie
Hellboy,tt2274648,2019-04-10,50000000,55065289,5.577,3749,indie
Mechanic: Resurrection,tt3522806,2016-08-25,40000000,125729635,6.068,3706,indie
Shazam! Fury of the Gods,tt10151854,2023-03-15,110000000,134221819,6.411,3701,indie
The Devil All the Time,tt7395114,2020-09-11,0,0,7.177,3701,indie
The Father,tt10272386,2020-12-23,6000000,21029340,8.09,3696,indie
Moonfall,tt5834426,2022-02-02,146000000,67319703,6.271,3691,indie
Insidious: Chapter 3,tt3195644,2015-05-28,10000000,120453155,6.288,3661,indie
A Man Called Otto,tt7405458,2022-12-28,50000000,113360085,7.747,3661,indie
Vice,tt6266538,2018-12-25,60000000,76100000,7.013,3637,indie
Black Mass,tt1355683,2015-09-17,53000000,99975678,6.526,3624,indie
To the Bone,tt5541240,2017-01-22,0,0,7.202,3607,indie
Monster Hunter,tt6475714,2020-12-03,60000000,42145959,6.511,3607,indie
Isn't It Romantic,tt2452244,2019-02-13,31000000,48800000,6.196,3604,indie
Burnt,tt2503944,2015-10-02,20000000,36606743,6.525,3602,indie
The King,tt7984766,2019-10-11,0,0,7.157,3599,indie
Kung Fu Panda 4,tt21692408,2024-03-02,80000000,548040835,7.005,3597,indie
Mamma Mia! Here We Go Again,tt6911608,2018-07-18,75000000,395607854,7.075,3598,indie
A Monster Calls,tt3416532,2016-10-07,43000000,47309313,7.306,3595,indie
The Hunger Games: The Ballad of Songbirds & Snakes,tt10545296,2023-11-15,100000000,337371917,6.973,3579,indie
Triple Frontier,tt1488606,2019-03-06,115000000,0,6.328,3577,indie
"Extremely Wicked, Shockingly Evil and Vile",tt2481498,2019-05-02,0,0,6.996,3563,indie
Before I Fall,tt1691916,2017-03-02,5000000,16373843,6.967,3556,indie
A Dog's Purpose,tt1753383,2017-01-19,22000000,205000000,7.6,3555,indie
Society of the Snow,tt16277242,2023-12-15,65500000,1281,7.97,3542,indie
Harry Potter 20th Anniversary: Return to Hogwarts,tt16116174,2022-01-01,0,0,7.3,3539,indie
Underwater,tt5774060,2020-01-08,50000000,40882928,6.288,3532,indie
The Gift,tt4178092,2015-07-31,5000000,58978653,6.703,3533,indie
Knock Knock,tt3605418,2015-06-26,10000000,6341684,5.388,3531,indie
Brightburn,tt7752126,2019-05-09,6000000,33224654,6.155,3522,indie
Resident Evil: The Final Chapter,tt2592614,2016-12-23,40000000,312242626,6.107,3521,indie
The Ritual,tt5638642,2017-10-11,1000000,1786396,6.295,3498,indie
The Marvels,tt10676048,2023-11-08,274800000,206136825,5.9,3493,indie
Conclave,tt20215234,2024-10-25,20000000,115657988,7.188,3488,indie
Tag,tt2854926,2018-05-30,28000000,75100000,6.711,3477,indie
Gran Turismo,tt4495098,2023-08-09,60000000,121700000,7.7,3476,indie
Pitch Perfect 3,tt4765284,2017-12-20,45000000,185400345,6.508,3475,indie
House of Gucci,tt11214590,2021-11-24,75000000,153235995,6.562,3475,indie
Sierra Burgess Is a Loser,tt3120280,2018-09-07,0,0,6.282,3468,indie
Den of Thieves,tt1259528,2018-01-18,30000000,80509622,6.9,3447,indie
Raw,tt4954522,2017-03-10,3500000,4100000,7.025,3434,indie
The Banshees of Inisherin,tt11813216,2022-10-20,20000000,49300000,7.464,3428,indie
The Mitchells vs. the Machines,tt7979580,2021-04-22,75000000,0,7.834,3423,indie
Nightmare Alley,tt7740496,2021-12-02,60000000,39629195,6.944,3421,indie
Nomadland,tt9770150,2021-01-29,5000000,39458207,7.161,3414,indie
The Walk,tt3488710,2015-09-30,35000000,61181942,6.987,3410,indie
Bad Boys: Ride or Die,tt4919268,2024-06-05,100000000,404547819,7.318,3400,indie
Guillermo del Toro's Pinocchio,tt1488589,2022-11-09,35000000,0,8.009,3395,indie
The Trial of the Chicago 7,tt1070874,2020-09-25,35000000,107423,7.658,3393,indie
T2 Trainspotting,tt2763304,2017-01-27,18000000,41681746,6.935,3385,indie
How to Be Single,tt1292566,2016-02-08,38000000,112343513,6.256,3373,indie
Anatomy of a Fall,tt17009710,2023-08-23,6600000,36000000,7.517,3370,indie
Through My Window,tt14463484,2022-02-04,0,0,7.349,3363,indie
Jarhead: Law of Return,tt10767720,2019-10-01,0,0,6.527,3363,indie
Barbarian,tt15791034,2022-09-08,4500000,45400000,6.873,3362,indie
The Emoji Movie,tt4877122,2017-07-23,50000000,216909830,5.376,3353,indie
The Longest Ride,tt2726560,2015-04-09,34000000,63013281,7.632,3350,indie
Silence,tt0490215,2016-12-23,46000000,23834809,7.12,3349,indie
The Perfect Date,tt8201170,2019-04-12,0,0,6.427,3339,indie
Self/less,tt2140379,2015-07-10,26000000,31807156,6.423,3323,indie
Hitman: Agent 47,tt2679042,2015-08-20,35000000,81967450,5.903,3321,indie
Leave the World Behind,tt12747748,2023-11-22,0,0,6.38,3315,indie
Anora,tt28607951,2024-10-14,6000000,56286295,7.077,3294,indie
Brooklyn,tt2381111,2015-10-20,11000000,62076141,7.297,3287,indie
American Assassin,tt1961175,2017-07-14,33000000,67200000,6.411,3285,indie
Godzilla Minus One,tt23289160,2023-11-03,15000000,113676322,7.583,3271,indie
Guy Ritchie's The Covenant,tt4873118,2023-04-19,55000000,21948551,7.721,3250,indie
Bombshell,tt6394270,2019-12-13,32000000,61404394,6.8,3232,indie
12 Strong,tt1413492,2018-01-18,35000000,67450815,6.369,3224,indie
The Pope's Exorcist,tt13375076,2023-04-05,18000000,76987621,6.922,3218,indie
Dragon Ball Super: Broly,tt7961060,2018-12-14,1000000,125002821,7.948,3215,indie
Moana 2,tt13622970,2024-11-21,150000000,1059242164,6.989,3182,indie
Robin Hood,tt4532826,2018-11-03,100000000,86493046,5.91,3179,indie
The Guilty,tt9421570,2021-09-24,0,0,6.425,3178,indie
Charlie's Angels,tt5033998,2019-11-14,48000000,73279888,6.374,3178,indie
The Two Popes,tt8404614,2019-11-27,0,232638,7.483,3172,indie
Money Monster,tt2241351,2016-05-12,27000000,93282604,6.4,3170,indie
Napoleon,tt13287846,2023-11-22,165000000,222435664,6.305,3168,indie
Good Time,tt4846232,2017-08-11,2000000,3283369,7.2,3162,indie
Anyone but You,tt26047818,2023-12-21,25000000,214891370,6.8,3144,indie
The Florida Project,tt5649144,2017-10-06,2000000,11303040,7.427,3133,indie
Ferdinand,tt3411444,2017-12-09,111000000,295038508,7.211,3126,indie
Road House,tt3359350,2024-03-08,85000000,0,6.942,3125,indie
The Lost City of Z,tt1212428,2017-03-15,30000000,8574339,6.39,3118,indie
Hustlers,tt5503686,2019-09-12,20000000,157563598,6.466,3112,indie
Project Power,tt7550000,2020-08-14,0,0,6.426,3107,indie
Bridget Jones's Baby,tt1473832,2016-09-14,35000000,211952420,6.404,3104,indie
The House That Jack Built,tt4003440,2018-10-04,9800000,5566776,7.115,3099,indie
Red One,tt14948432,2024-10-31,250000000,185700759,6.972,3092,indie
Enola Holmes 2,tt14641788,2022-11-03,0,0,7.414,3082,indie
You Were Never Really Here,tt5742374,2017-11-08,17000000,9400000,6.543,3075,indie
Going in Style,tt2568862,2017-04-06,25000000,84618541,6.693,3071,indie
Two Is a Family,tt5078204,2016-12-07,0,1447740,7.725,3064,indie
Dragon Ball Super: Super Hero,tt14614892,2022-06-11,0,86600000,7.892,3051,indie
All the Bright Places,tt3907584,2020-02-28,0,0,7.633,3041,indie
Anna,tt7456310,2019-06-19,34000000,31626978,6.7,3039,indie
"The French Dispatch of the Liberty, Kansas Evening Sun",tt8847712,2021-10-21,25000000,46333545,7.011,3022,indie
I Care a Lot,tt9893250,2021-02-19,0,0,6.573,3019,indie
Terrifier,tt4281724,2018-01-25,35000,421798,6.315,3015,indie
Saltburn,tt17351924,2023-11-16,20000000,21013738,6.944,3014,indie
Spies in Disguise,tt5814534,2019-12-04,100000000,171616764,7.547,3012,indie
Don't Worry Darling,tt10731256,2022-09-21,35000000,86700000,6.764,3000,indie
The Little Prince,tt1754656,2015-07-29,64000000,101281211,7.614,2998,indie
American Ultra,tt3316948,2015-08-19,28000000,27100000,6.097,2988,indie
The Power of the Dog,tt10293406,2021-10-25,0,0,6.735,2986,indie
Extraction 2,tt12263384,2023-06-09,65000000,0,7.393,2973,indie
Green Room,tt4062536,2016-04-15,5000000,3800000,6.713,2973,indie
Portrait of a Lady on Fire,tt8613070,2019-09-06,5740000,9923127,8.096,2971,indie
The Foreigner,tt1615160,2017-09-28,35000000,145374099,6.98,2967,indie
The Darkest Minds,tt4073790,2018-07-25,34000000,41142379,7.021,2952,indie
Fractured,tt4332232,2019-09-22,0,0,6.765,2946,indie
Halloween Kills,tt10665338,2021-10-14,20000000,133423964,6.403,2943,indie
Flow,tt4772188,2024-08-29,3700000,17660107,8.1,2942,indie
1922,tt6214928,2017-10-20,5000000,2943477,5.947,2941,indie
Get Hard,tt2561572,2015-03-26,40000000,111800000,6.018,2936,indie
Triangle of Sadness,tt7322224,2022-09-18,15600000,24733572,7.016,2926,indie
Run,tt8633478,2020-11-20,0,5491510,7.214,2926,indie
Trap,tt26753003,2024-07-31,30000000,83677281,6.235,2925,indie
Long Shot,tt2139881,2019-05-02,40000000,0,6.702,2916,indie
Creed III,tt11145118,2023-03-01,75000000,275300000,7.088,2915,indie
Purple Hearts,tt4614584,2022-07-29,0,0,8.041,2907,indie
Beautiful Boy,tt1226837,2018-10-12,25000000,31749905,7.551,2901,indie
The Invitation,tt2400463,2016-04-08,1000000,354835,6.422,2901,indie
A Haunting in Venice,tt22687790,2023-09-13,60000000,121400000,6.567,2895,indie
Borat Subsequent Moviefilm: Delivery of Prodigious Bribe to American Regime for Make Benefit Once Glorious Nation of Kazakhstan,tt13143964,2020-10-23,0,0,6.431,2894,indie
65,tt12261776,2023-03-02,45000000,60730568,5.9,2893,indie
Scary Stories to Tell in the Dark,tt3387520,2019-08-08,25000000,104545505,6.493,2894,indie
Sisu,tt14846026,2022-09-09,6600000,14281199,7.404,2892,indie
The Dead Don't Die,tt8695030,2019-05-15,11000000,15325468,5.434,2885,indie
The Killer,tt1136617,2023-10-25,175000000,362113,6.575,2881,indie
Booksmart,tt1489887,2019-05-24,6000000,24849029,6.999,2879,indie
Sound of Metal,tt5363618,2020-11-20,0,516520,7.702,2879,indie
47 Meters Down,tt2932536,2017-05-25,5500000,62198461,5.802,2878,indie
Patriots Day,tt4572514,2016-12-12,45000000,50548152,7.1,2878,indie
I Am Mother,tt6292852,2019-06-07,0,643593,6.71,2870,indie
Hustle,tt8009428,2022-06-03,21000000,0,7.699,2866,indie
Don't Breathe 2,tt6246322,2021-08-12,15000000,53785551,6.981,2866,indie
Damsel,tt13452446,2024-03-07,60000000,5000,6.981,2853,indie
Death Wish,tt1137450,2018-03-01,30000000,34017028,6.24,2839,indie
Paddington 2,tt4468740,2017-11-09,40000000,290132513,7.478,2838,indie
Café Society,tt4513674,2016-05-11,30000000,43763247,6.44,2837,indie
Set It Up,tt5304992,2018-06-15,0,0,6.905,2825,indie
Carry-On,tt21382296,2024-12-05,47000000,0,6.883,2824,indie
Cold Pursuit,tt5719748,2019-02-07,60000000,76419755,5.877,2822,indie
The Fabelmans,tt14208870,2022-11-11,40000000,45629909,7.564,2816,indie
Johnny English Strikes Again,tt6921996,2018-08-30,25000000,158972570,6.283,2799,indie
Alpha,tt4244998,2018-08-17,51000000,99630675,6.565,2790,indie
Suspiria,tt1034415,2018-10-26,20000000,7953089,6.896,2790,indie
Sound of Freedom,tt7599146,2023-07-03,14500000,250600000,7.954,2789,indie
Mortdecai,tt3045616,2015-01-21,60000000,47318560,5.52,2781,indie
Ava,tt8784956,2020-07-02,0,2987741,5.824,2779,indie
Me and Earl and the Dying Girl,tt2582496,2015-06-12,0,0,7.533,2774,indie
Longlegs,tt23468450,2024-07-10,10000000,127961936,6.518,2760,indie
No Escape,tt1781922,2015-08-26,5000000,54400000,6.948,2760,indie
After We Fell,tt13069986,2021-09-01,14000000,21753705,6.999,2758,indie
Heretic,tt28015403,2024-10-31,10000000,51913394,6.971,2755,indie
Midway,tt6924650,2019-11-06,100000000,127400000,7.1,2751,indie
Challengers,tt16426418,2024-04-18,55000000,94182533,6.912,2745,indie
Resident Evil: Welcome to Raccoon City,tt6920084,2021-11-24,25000000,41914915,5.928,2738,indie
Concussion,tt3322364,2015-11-12,35000000,50400000,7.078,2738,indie
The Hustle,tt1298644,2019-05-09,21000000,97400000,6.19,2720,indie
To All the Boys: P.S. I Still Love You,tt9354842,2020-02-03,0,0,6.826,2717,indie
Adrift,tt6306064,2018-05-31,35000000,59945012,6.835,2717,indie
Ghostland,tt6195094,2018-03-14,0,0,7.403,2710,indie
The Boy and the Heron,tt6587046,2023-07-14,50000000,294200000,7.391,2707,indie
The Boss Baby: Family Business,tt6932874,2021-07-01,82000000,146745280,7.328,2706,indie
Licorice Pizza,tt11271038,2021-11-26,40000000,33277069,6.946,2704,indie
Hardcore Henry,tt3072482,2015-09-12,2000000,16810562,6.414,2704,indie
Fear Street: 1994,tt6566576,2021-06-28,10000000,284000000,6.7,2698,indie
The Curse of La Llorona,tt4913966,2019-04-17,9000000,123233739,5.65,2699,indie
Plane,tt5884796,2023-01-11,25000000,74515586,6.895,2696,indie
Love,tt3774694,2015-07-15,3000000,249083,6.455,2691,indie
Malignant,tt3811906,2021-09-01,40000000,34891791,6.76,2678,indie
The Zone of Interest,tt7160372,2023-12-15,15000000,52631884,7.011,2670,indie
Weathering with You,tt9426210,2019-07-19,11100000,192729404,7.976,2662,indie
The Big Sick,tt5462602,2017-03-30,5000000,56303596,7.322,2658,indie
Pearl,tt18925334,2022-09-16,1000000,9847490,7.234,2659,indie
Fantasy Island,tt0983946,2020-02-12,7000000,49447308,5.754,2654,indie
It Comes at Night,tt4695012,2017-06-09,5000000,19280931,5.871,2648,indie
CODA,tt10366460,2021-08-13,10000000,1905058,7.888,2641,indie
Mike and Dave Need Wedding Dates,tt2823054,2016-07-07,33000000,77100000,6.046,2638,indie
Vivarium,tt8368406,2019-09-07,4000000,488000,6.068,2639,indie
Hitman's Wife's Bodyguard,tt8385148,2021-06-14,70000000,70060492,6.634,2634,indie
Chaos Walking,tt2076822,2021-02-24,125000000,26508132,6.544,2634,indie
Rebel Moon - Part One: A Child of Fire,tt14998742,2023-12-15,83000000,0,6.22,2627,indie
Loving Vincent,tt3262342,2017-06-22,5500000,42187665,7.987,2624,indie
Madame Web,tt11057302,2024-02-14,80000000,100498764,5.292,2622,indie
The Bad Guys,tt8115900,2022-03-17,80000000,250162278,7.514,2616,indie
Peninsula,tt8850222,2020-07-15,17000000,42698327,6.714,2614,indie
Guns Akimbo,tt6902676,2020-02-27,15000000,835102,6.435,2601,indie
They Call Me Jeeg,tt3775086,2016-02-25,1900000,5973344,7.4,2592,indie
Bone Tomahawk,tt2494362,2015-10-23,1800000,475846,6.882,2571,indie
The Holdovers,tt14849194,2023-10-27,13000000,42513270,7.646,2568,indie
The Space Between Us,tt3922818,2017-01-26,30000000,14793385,7.046,2567,indie
Dark Waters,tt9071322,2019-11-22,20000000,13601384,7.531,2561,indie
The Mountain Between Us,tt2226597,2017-10-05,35000000,62832209,6.648,2560,indie
Asteroid City,tt14230388,2023-06-08,25000000,53857743,6.5,2552,indie
Demolition,tt1172049,2016-04-06,10000000,4366460,6.848,2546,indie
Descendants,tt3440298,2015-07-31,0,0,7.177,2543,indie
Unhinged,tt10059518,2020-07-16,33000000,39238300,6.427,2541,indie
Grimsby,tt3381008,2016-02-24,35000000,28000000,5.952,2541,indie
Spenser Confidential,tt8629748,2020-03-06,0,0,6.51,2538,indie
The Unbearable Weight of Massive Talent,tt11291274,2022-04-20,30000000,29116320,6.778,2535,indie
Terrifier 2,tt10403420,2022-10-06,250000,15815602,6.672,2533,indie
Hostiles,tt5478478,2017-12-22,55000000,36976336,6.944,2533,indie
A Ghost Story,tt6265828,2017-04-24,100000,1929659,7.064,2526,indie
Polar,tt4139588,2019-01-25,0,0,6.39,2525,indie
The Nun II,tt10160976,2023-09-06,38500000,269670590,6.634,2526,indie
The Addams Family,tt1620981,2019-10-10,40000000,204394183,6.599,2512,indie
Widows,tt4218572,2018-11-06,42000000,75984700,6.478,2502,indie
Irrational Man,tt3715320,2015-07-17,11000000,27391084,6.522,2491,indie
Gabriel's Inferno,tt11316854,2020-05-29,0,0,8.383,2475,indie
Sing Street,tt3544112,2016-03-11,4000000,13624522,7.859,2474,indie
Mile 22,tt4560436,2018-08-16,35000000,66308758,6.27,2474,indie
We Are Your Friends,tt3787590,2015-08-26,6000000,11100000,6.801,2474,indie
Point Break,tt2058673,2015-12-03,105000000,133782481,5.955,2467,indie
Ma,tt7958736,2019-05-29,5000000,61220856,5.817,2463,indie
The Lego Movie 2: The Second Part,tt3513498,2019-02-06,99000000,199603202,6.657,2458,indie
Jackie,tt1619029,2016-12-02,9000000,13960394,6.457,2448,indie
Hunter Killer,tt1846589,2018-10-19,40000000,31672678,6.91,2439,indie
All the Money in the World,tt5294550,2017-12-21,50000000,56996304,6.491,2435,indie
In the Tall Grass,tt4687108,2019-09-20,0,0,5.55,2426,indie
Saw X,tt21807222,2023-09-27,13000000,125319714,7.158,2419,indie
Poltergeist,tt1029360,2015-05-20,35000000,95682614,5.224,2414,indie
The Christmas Chronicles,tt2990140,2018-11-22,0,0,7.156,2410,indie
Kraven the Hunter,tt8790086,2024-12-11,130000000,62076533,6.434,2408,indie
The Guardians of the Galaxy Holiday Special,tt13623136,2022-11-24,0,0,7.091,2407,indie
Solace,tt1291570,2015-09-03,0,22586863,6.437,2406,indie
Flatliners,tt2039338,2017-09-28,19000000,45158254,5.645,2405,indie
The Woman King,tt8093700,2022-09-16,50000000,97562514,7.6,2394,indie
A Rainy Day in New York,tt7139936,2019-07-26,25000000,23805899,6.484,2387,indie
The Spy Who Dumped Me,tt6663582,2018-08-02,40000000,33562069,6.372,2384,indie
Holidate,tt9866072,2020-10-27,0,0,6.97,2382,indie
Past Lives,tt13238346,2023-06-02,12000000,28126646,7.696,2378,indie
When We First Met,tt5783956,2018-02-08,10000000,0,6.561,2370,indie
Air,tt16419074,2023-04-05,80000000,90100000,7.281,2369,indie
Sherlock: The Abominable Bride,tt3845232,2016-01-01,0,0,7.833,2361,indie
Where the Crawdads Sing,tt9411972,2022-07-14,24000000,144353965,7.523,2351,indie
Climax,tt8359848,2018-09-19,2900000,1696075,7.04,2352,indie
Pete's Dragon,tt2788732,2016-08-10,65000000,143695338,6.388,2346,indie
The Fundamentals of Caring,tt2452386,2016-06-16,0,0,7.283,2338,indie
Hunt for the Wilderpeople,tt4698684,2016-01-22,2500000,23900000,7.646,2336,indie
Pride and Prejudice and Zombies,tt1374989,2016-02-04,28000000,16457494,6.163,2333,indie
"tick, tick... BOOM!",tt8721424,2021-11-11,0,0,7.592,2327,indie
Shoplifters,tt8075192,2018-06-02,0,0,7.8,2326,indie
The House with a Clock in Its Walls,tt2119543,2018-09-15,42000000,131523093,6.3,2326,indie
Sinister 2,tt2752772,2015-08-19,10000000,53329150,5.898,2328,indie
Orphan: First Kill,tt11851548,2022-07-27,10000000,9572765,6.593,2325,indie
Spiral: From the Book of Saw,tt10342730,2021-05-12,20000000,40618920,5.893,2316,indie
Eddie the Eagle,tt1083452,2016-02-25,23000000,46152411,7.163,2315,indie
Army of Thieves,tt13024674,2021-10-29,30000000,46900000,6.8,2310,indie
Escape Room: Tournament of Champions,tt9844522,2021-07-01,15000000,65774490,6.509,2311,indie
Every Day,tt7026672,2018-02-22,4900000,10400000,7.242,2306,indie
Triple 9,tt1712261,2016-02-19,20000000,12600000,5.981,2306,indie
Dogman,tt6768578,2018-05-17,0,5080147,7.512,2305,indie
Colossal,tt4680182,2017-04-06,15000000,3029287,6.3,2299,indie
Victor Frankenstein,tt1976009,2015-11-10,40000000,34200000,5.956,2297,indie
Trolls World Tour,tt6587640,2020-03-11,90000000,49276818,7.234,2291,indie
The Princess Switch,tt8954732,2018-10-25,0,0,6.982,2288,indie
The Unholy,tt9419056,2021-03-31,10000000,30832137,6.5,2269,indie
Fear Street: 1978,tt9701940,2021-07-08,10000000,0,7.182,2269,indie
The Shack,tt2872518,2017-03-02,20000000,96942115,7.512,2268,indie
Shot Caller,tt4633690,2017-07-07,0,0,6.964,2257,indie
The Highwaymen,tt1860242,2019-03-15,49000000,0,6.77,2254,indie
The Beguiled,tt5592248,2017-06-23,10500000,27869129,5.917,2251,indie
Day Shift,tt13314558,2022-08-05,100000000,0,6.738,2239,indie
The Green Knight,tt9243804,2021-07-29,15000000,18887953,6.6,2238,indie
Office Christmas Party,tt1711525,2016-11-25,45000000,114500000,5.716,2236,indie
Samaritan,tt5500218,2022-08-25,100000000,75000000,6.653,2232,indie
Youth,tt3312830,2015-05-20,13360000,2000000,6.9,2232,indie
The Hate U Give,tt5580266,2018-10-19,23000000,34934009,8.078,2231,indie
I'm Thinking of Ending Things,tt7939766,2020-08-28,0,0,6.54,2229,indie
Where Am I Going?,tt5290524,2016-01-01,11089000,75173000,6.825,2228,indie
Ghosted,tt15326988,2023-04-18,40000000,0,6.872,2227,indie
Ghostbusters: Frozen Empire,tt21235248,2024-03-20,100000000,201967521,6.5,2222,indie
Speak No Evil,tt27534307,2024-09-11,15000000,77239314,7.114,2213,indie
The Pale Blue Eye,tt14138650,2022-12-22,72000000,0,6.792,2212,indie
Blackhat,tt2717822,2015-01-13,70000000,17752940,5.521,2202,indie
Abominable,tt6324278,2019-09-19,75000000,190304772,7.452,2199,indie
Code 8,tt6259380,2019-12-06,15000000,157209,6.263,2191,indie
The Girl with All the Gifts,tt4547056,2016-09-23,5005600,0,6.594,2187,indie
Mandy,tt6998518,2018-09-13,6000000,1653784,6.202,2185,indie
Late Night with the Devil,tt14966898,2024-03-19,2000000,16765533,7.1,2180,indie
21 Bridges,tt8688634,2019-10-24,33000000,49900000,6.77,2177,indie
Slender Man,tt5690360,2018-05-17,10000000,51738549,4.306,2177,indie
Aloha,tt1243974,2015-05-29,37000000,26250020,5.514,2175,indie
The Wolf's Call,tt7458762,2019-02-20,22400000,12652790,7.5,2171,indie
The Woman in the Window,tt6111574,2021-05-13,40000000,0,5.975,2165,indie
Papillon,tt5093026,2017-09-07,0,10060903,7.322,2164,indie
Keeping Up with the Joneses,tt2387499,2016-10-20,40000000,29900000,6.1,2164,indie
Jungle,tt3758172,2017-06-27,0,1906640,6.662,2163,indie
The Death of Stalin,tt4686844,2017-10-20,13000000,24600000,7.014,2163,indie
Blockers,tt2531344,2018-03-14,21000000,94019120,6.3,2154,indie
Ip Man 4: The Finale,tt2076298,2019-12-19,52000000,239000000,7.269,2153,indie
Circle,tt3118452,2015-05-28,250000,0,6.017,2147,indie
The Boy Next Door,tt3181822,2015-01-23,4000000,52425855,4.942,2127,indie
Revenge,tt6738136,2017-11-18,2900000,938055,6.523,2126,indie
Rough Night,tt4799050,2017-06-15,20000000,47347283,5.692,2115,indie
The Sisters Brothers,tt4971344,2018-09-19,38000000,13143056,6.832,2103,indie
The Wailing,tt5215952,2016-05-12,10951000,49851770,7.4,2101,indie
True Story,tt2273657,2015-04-17,0,5261595,6.261,2101,indie
The Unforgivable,tt11233960,2021-11-24,0,0,7.409,2083,indie
To All the Boys: Always and Forever,tt10676012,2021-02-12,0,0,7.499,2081,indie
#Alive,tt10620868,2020-06-24,6300000,13416285,7.209,2079,indie
Paterson,tt5247022,2016-11-17,5000000,2152738,7.117,2079,indie
The Count of Monte Cristo,tt26446278,2024-06-28,46000000,75360860,7.899,2076,indie
Child's Play,tt8663516,2019-06-19,10000000,44902237,5.975,2074,indie
Blair Witch,tt1540011,2016-09-15,5000000,45172994,5.244,2070,indie
How It Ends,tt5246700,2018-07-13,20000000,0,5.285,2057,indie
Troll,tt11116912,2022-11-30,0,0,6.558,2055,indie
Luck,tt7214954,2022-08-05,0,0,7.764,2049,indie
Dragon Ball Z: Resurrection 'F',tt3819668,2015-04-18,5000000,61768190,6.894,2046,indie
The Midnight Sky,tt10539608,2020-12-10,0,70018,5.732,2044,indie
The Kissing Booth 3,tt12783454,2021-08-11,0,0,6.857,2038,indie
Good Boys,tt6977338,2019-08-14,20000000,111037232,6.834,2037,indie
Ron's Gone Wrong,tt7504818,2021-10-14,57000000,60692022,7.861,2036,indie
Spectral,tt2106651,2016-12-09,70000000,0,6.556,2034,indie
Fear Street: 1666,tt9701942,2021-07-14,0,0,7.087,2028,indie
Mirage,tt6908274,2018-11-30,0,17325485,7.461,2022,indie
Extinction,tt3201640,2018-07-15,0,1451864,6.049,2021,indie
Insidious: The Red Door,tt13405778,2023-07-05,16000000,189086877,6.512,2020,indie
Velvet Buzzsaw,tt7043012,2019-02-01,21000000,0,5.381,2018,indie
Elle,tt3716530,2016-05-25,9800000,2341534,6.639,2014,indie
Capernaum,tt8267604,2018-09-20,4000000,64978931,8.15,2007,indie
Colonia,tt4005402,2016-02-12,14000000,3621046,7.255,2006,indie
Ballerina,tt2261287,2016-12-14,30000000,109573511,7.204,2004,indie
Miss Sloane,tt4540710,2016-11-25,13000000,9101546,7.405,2000,indie
